case_id,start_timestamp,complete_timestamp,task_id,throughput_time_days
1020120027,2013-02-09,2014-02-09,2,365.0
320170041,2018-02-15,2019-02-15,3,365.0
320170020,2017-10-02,2018-10-02,5,365.0
320170021,2017-10-02,2018-10-02,3,365.0
320170022,2017-10-02,2018-10-02,5,365.0
320170023,2017-10-02,2018-10-02,3,365.0
320170024,2017-10-02,2018-10-02,3,365.0
320170039,2018-02-15,2019-02-15,4,365.0
320170040,2018-02-15,2019-02-15,4,365.0
320170042,2018-02-15,2019-02-15,5,365.0
320200018,2020-12-01,2021-12-01,4,365.0
320170043,2018-02-05,2019-02-05,2,365.0
320170044,2018-02-05,2019-02-05,3,365.0
320170045,2018-02-05,2019-02-05,4,365.0
320170046,2018-02-05,2019-02-05,4,365.0
320170047,2018-02-05,2019-02-05,4,365.0
320170048,2018-02-05,2019-02-05,4,365.0
320170049,2018-02-05,2019-02-05,3,365.0
320170019,2017-10-02,2018-10-02,3,365.0
320170018,2017-10-02,2018-10-02,3,365.0
320170017,2017-10-02,2018-10-02,2,365.0
320170016,2017-10-02,2018-10-02,3,365.0
320170001,2017-10-02,2018-10-02,3,365.0
320170002,2017-10-02,2018-10-02,2,365.0
320170003,2017-10-02,2018-10-02,5,365.0
320170004,2017-10-02,2018-10-02,5,365.0
320170005,2017-10-02,2018-10-02,3,365.0
320170006,2017-10-02,2018-10-02,5,365.0
320170007,2017-10-02,2018-10-02,3,365.0
320170008,2017-10-02,2018-10-02,2,365.0
320170009,2017-10-02,2018-10-02,5,365.0
320170010,2017-10-02,2018-10-02,5,365.0
320170011,2017-10-02,2018-10-02,3,365.0
320170012,2017-10-02,2018-10-02,3,365.0
320170013,2017-10-02,2018-10-02,4,365.0
320170014,2017-10-02,2018-10-02,3,365.0
320170015,2017-10-02,2018-10-02,2,365.0
320180001,2018-08-13,2019-08-13,4,365.0
320180002,2018-08-13,2019-08-13,6,365.0
320180006,2018-08-13,2019-08-13,4,365.0
320190007,2019-09-16,2020-09-15,2,365.0
320200002,2020-12-01,2021-12-01,5,365.0
320200003,2020-12-01,2021-12-01,4,365.0
320200004,2020-12-01,2021-12-01,4,365.0
320200005,2020-12-01,2021-12-01,5,365.0
320200006,2020-12-01,2021-12-01,4,365.0
320200007,2020-12-01,2021-12-01,3,365.0
320200008,2020-12-01,2021-12-01,3,365.0
320200009,2020-12-01,2021-12-01,3,365.0
320200010,2020-12-01,2021-12-01,3,365.0
320200011,2020-12-01,2021-12-01,3,365.0
320200012,2020-12-01,2021-12-01,3,365.0
320200013,2020-12-01,2021-12-01,4,365.0
320200014,2020-12-01,2021-12-01,4,365.0
320200015,2020-12-01,2021-12-01,5,365.0
320200016,2020-12-01,2021-12-01,4,365.0
320200001,2020-12-01,2021-12-01,4,365.0
320190006,2019-09-16,2020-09-15,3,365.0
320180007,2018-08-13,2019-08-13,5,365.0
320190005,2019-09-16,2020-09-15,4,365.0
320180008,2018-08-13,2019-08-13,3,365.0
320180009,2018-08-13,2019-08-13,4,365.0
320180012,2018-08-13,2019-08-13,3,365.0
320180013,2018-08-13,2019-08-13,4,365.0
320180014,2018-08-13,2019-08-13,5,365.0
320180015,2018-08-13,2019-08-13,5,365.0
320180016,2018-08-13,2019-08-13,3,365.0
320180017,2018-08-13,2019-08-13,4,365.0
320180018,2018-08-13,2019-08-13,5,365.0
320180019,2018-08-13,2019-08-13,3,365.0
320180020,2018-08-13,2019-08-13,4,365.0
320190001,2019-09-16,2020-09-15,4,365.0
320190002,2019-09-16,2020-09-15,5,365.0
320190003,2019-11-01,2020-10-31,4,365.0
320190004,2019-11-01,2020-10-31,5,365.0
320160031,2016-10-03,2017-10-03,3,365.0
320160030,2016-10-03,2017-10-03,2,365.0
320160029,2016-10-03,2017-10-03,2,365.0
2520190001,2019-07-12,2020-07-11,3,365.0
2520190003,2019-07-12,2020-07-11,5,365.0
2520190004,2019-07-12,2020-07-11,4,365.0
2520200001,2020-11-11,2021-11-11,8,365.0
2520200002,2020-11-12,2021-11-12,7,365.0
2520210001,2021-07-01,2022-07-01,5,365.0
2520210002,2021-07-01,2022-07-01,4,365.0
2520220001,2022-08-01,2023-08-01,5,365.0
2520220002,2022-08-01,2023-08-01,3,365.0
2520220003,2022-08-10,2023-08-10,5,365.0
2520220004,2022-08-10,2023-08-10,5,365.0
2720170001,2017-06-01,2018-06-01,3,365.0
2720170002,2017-06-01,2018-06-01,3,365.0
2720170003,2017-06-01,2018-06-01,3,365.0
2720170004,2017-08-01,2018-08-01,3,365.0
2720170005,2017-08-01,2018-08-01,4,365.0
2520190002,2019-07-12,2020-07-11,6,365.0
2520180004,2018-09-12,2019-09-12,5,365.0
2720180001,2018-07-01,2019-07-01,4,365.0
2520180003,2018-09-12,2019-09-12,3,365.0
2520140007,2014-10-02,2015-10-02,4,365.0
2520140008,2014-10-02,2015-10-02,5,365.0
2520150009,2015-09-07,2016-09-06,2,365.0
2520150010,2015-09-07,2016-09-06,4,365.0
2520150011,2015-09-07,2016-09-06,3,365.0
2520150012,2015-09-07,2016-09-06,5,365.0
2520170001,2017-10-27,2018-10-27,5,365.0
2520170002,2017-10-27,2018-10-27,6,365.0
2520170003,2017-10-26,2018-10-26,4,365.0
2520170004,2017-10-26,2018-10-26,3,365.0
2520170005,2017-10-26,2018-10-26,5,365.0
2520170006,2017-11-01,2018-11-01,4,365.0
2520170007,2017-11-01,2018-11-01,3,365.0
2520180001,2018-09-03,2019-09-03,3,365.0
2520180002,2018-09-03,2019-09-03,4,365.0
2720170006,2017-08-01,2018-08-01,3,365.0
2720180002,2018-07-01,2019-07-01,5,365.0
320160028,2016-10-03,2017-10-03,3,365.0
320150012,2015-09-01,2016-08-31,2,365.0
320150014,2015-09-01,2016-08-31,2,365.0
320150015,2015-09-01,2016-08-31,5,365.0
320150016,2015-09-01,2016-08-31,2,365.0
320160016,2016-10-03,2017-10-03,3,365.0
320160017,2016-10-03,2017-10-03,3,365.0
320160018,2016-10-03,2017-10-03,5,365.0
320160019,2016-10-03,2017-10-03,2,365.0
320160020,2016-10-03,2017-10-03,2,365.0
320160021,2016-10-03,2017-10-03,4,365.0
320160022,2016-10-03,2017-10-03,3,365.0
320160023,2016-10-03,2017-10-03,3,365.0
320160024,2016-10-17,2017-10-17,2,365.0
320160025,2016-10-17,2017-10-17,3,365.0
320160026,2016-10-17,2017-10-17,3,365.0
320160027,2016-10-17,2017-10-17,2,365.0
320150013,2015-09-01,2016-08-31,3,365.0
320150011,2015-09-01,2016-08-31,3,365.0
2720180003,2018-07-01,2019-07-01,5,365.0
320150010,2015-09-01,2016-08-31,3,365.0
2720180004,2018-07-01,2019-07-01,5,365.0
2720180005,2018-07-01,2019-07-01,4,365.0
2720190002,2019-09-02,2020-09-01,5,365.0
2720190003,2019-09-02,2020-09-01,4,365.0
2720190004,2019-08-01,2020-07-31,5,365.0
2720190005,2019-08-01,2020-07-31,4,365.0
2720200001,2020-11-01,2021-11-01,3,365.0
2720200002,2020-11-01,2021-11-01,4,365.0
2720220001,2022-08-15,2023-08-15,4,365.0
2720220002,2022-08-15,2023-08-15,5,365.0
320150005,2015-09-01,2016-08-31,2,365.0
320150006,2015-09-01,2016-08-31,3,365.0
320150007,2015-09-01,2016-08-31,4,365.0
320150008,2015-09-01,2016-08-31,5,365.0
320150009,2015-09-01,2016-08-31,3,365.0
320200017,2020-12-01,2021-12-01,5,365.0
320210001,2021-07-01,2022-07-01,4,365.0
420200026,2020-12-15,2021-12-15,4,365.0
420170025,2018-01-11,2019-01-11,6,365.0
420170012,2017-08-07,2018-08-07,3,365.0
420170013,2017-08-07,2018-08-07,5,365.0
420170014,2017-08-07,2018-08-07,4,365.0
420170015,2017-08-07,2018-08-07,5,365.0
420170016,2017-08-07,2018-08-07,5,365.0
420170017,2017-08-09,2018-08-09,3,365.0
420170018,2017-08-09,2018-08-09,5,365.0
420170026,2018-01-11,2019-01-11,4,365.0
320210002,2021-07-01,2022-07-01,3,365.0
420170027,2018-01-11,2019-01-11,4,365.0
420170028,2018-01-16,2019-01-16,3,365.0
420170029,2018-01-16,2019-01-16,4,365.0
420170030,2018-01-10,2019-01-10,5,365.0
420170031,2018-01-10,2019-01-10,4,365.0
420180001,2018-08-01,2019-08-01,5,365.0
420180002,2018-08-01,2019-08-01,5,365.0
420170011,2017-08-07,2018-08-07,5,365.0
420170010,2017-08-07,2018-08-07,4,365.0
420170009,2017-08-07,2018-08-07,5,365.0
420170008,2017-08-07,2018-08-07,3,365.0
420160036,2016-10-01,2017-10-01,3,365.0
420160037,2016-10-01,2017-10-01,5,365.0
420160038,2016-10-01,2017-10-01,5,365.0
420160039,2016-10-01,2017-10-01,5,365.0
420160040,2016-10-01,2017-10-01,3,365.0
420160041,2016-09-22,2017-09-22,3,365.0
420160042,2016-09-22,2017-09-22,4,365.0
420160043,2016-09-22,2017-09-22,4,365.0
420160044,2016-09-21,2017-09-21,4,365.0
420160045,2016-09-21,2017-09-21,3,365.0
420160046,2016-09-21,2017-09-21,4,365.0
420170004,2017-08-07,2018-08-07,5,365.0
420170005,2017-08-07,2018-08-07,3,365.0
420170006,2017-08-07,2018-08-07,5,365.0
420170007,2017-08-07,2018-08-07,6,365.0
420180003,2018-08-06,2019-08-06,5,365.0
420180004,2018-08-06,2019-08-06,5,365.0
420180005,2018-08-11,2019-08-11,5,365.0
420200008,2020-12-15,2021-12-15,4,365.0
420200010,2020-12-21,2021-12-21,3,365.0
420200011,2020-12-15,2021-12-15,3,365.0
420200012,2020-12-15,2021-12-15,4,365.0
420200013,2020-12-15,2021-12-15,4,365.0
420200014,2020-12-15,2021-12-15,3,365.0
420200015,2020-12-15,2021-12-15,5,365.0
420200016,2020-12-15,2021-12-15,5,365.0
420200017,2020-12-15,2021-12-15,4,365.0
420200018,2020-12-15,2021-12-15,3,365.0
420200019,2020-12-15,2021-12-15,4,365.0
420200020,2020-12-15,2021-12-15,5,365.0
420200021,2020-12-15,2021-12-15,5,365.0
420200022,2020-12-15,2021-12-15,4,365.0
420200023,2020-12-15,2021-12-15,5,365.0
420200024,2020-12-15,2021-12-15,5,365.0
420200009,2020-12-21,2021-12-21,5,365.0
420200007,2020-12-15,2021-12-15,4,365.0
420180006,2018-08-11,2019-08-11,5,365.0
420200006,2020-12-15,2021-12-15,4,365.0
420180007,2018-08-01,2019-08-01,6,365.0
420180008,2018-08-01,2019-08-01,5,365.0
420180009,2018-08-01,2019-08-01,5,365.0
420180010,2018-08-01,2019-08-01,4,365.0
420190001,2019-08-19,2020-08-18,6,365.0
420190002,2019-08-19,2020-08-18,5,365.0
420190003,2019-08-19,2020-08-18,5,365.0
420190004,2019-08-19,2020-08-18,6,365.0
420190005,2019-08-19,2020-08-18,4,365.0
420190006,2019-08-19,2020-08-18,3,365.0
420200001,2020-12-14,2021-12-14,4,365.0
420200002,2020-12-14,2021-12-14,4,365.0
420200003,2020-12-14,2021-12-14,5,365.0
420200004,2020-12-14,2021-12-14,3,365.0
420200005,2020-12-15,2021-12-15,4,365.0
420160035,2016-10-01,2017-10-01,2,365.0
420160034,2016-10-01,2017-10-01,4,365.0
420160033,2016-10-01,2017-10-01,5,365.0
320210020,2021-07-01,2022-07-01,4,365.0
420130002,2013-09-04,2014-09-04,2,365.0
420130003,2013-09-04,2014-09-04,3,365.0
420130004,2013-09-04,2014-09-04,3,365.0
420130005,2013-09-09,2014-09-09,5,365.0
420130006,2013-09-09,2014-09-09,5,365.0
420130007,2013-09-09,2014-09-09,4,365.0
420130008,2013-09-09,2014-09-09,5,365.0
420130013,2013-09-04,2014-09-04,5,365.0
420130014,2013-09-04,2014-09-04,5,365.0
420130015,2013-09-04,2014-09-04,5,365.0
420130016,2013-09-04,2014-09-04,2,365.0
420130017,2013-09-04,2014-09-04,3,365.0
420130018,2013-09-04,2014-09-04,2,365.0
420130019,2013-09-04,2014-09-04,4,365.0
420130020,2013-09-04,2014-09-04,3,365.0
420130001,2013-09-04,2014-09-04,2,365.0
320210019,2021-07-01,2022-07-01,4,365.0
420130022,2013-09-04,2014-09-04,5,365.0
320210018,2021-07-01,2022-07-01,3,365.0
320210003,2021-07-01,2022-07-01,3,365.0
320210004,2021-07-01,2022-07-01,5,365.0
320210005,2021-07-01,2022-07-01,4,365.0
320210006,2021-07-01,2022-07-01,3,365.0
320210007,2021-07-01,2022-07-01,5,365.0
320210008,2021-07-01,2022-07-01,5,365.0
320210009,2021-07-01,2022-07-01,4,365.0
320210010,2021-07-01,2022-07-01,4,365.0
320210011,2021-07-01,2022-07-01,4,365.0
320210012,2021-07-01,2022-07-01,5,365.0
320210013,2021-07-01,2022-07-01,3,365.0
320210014,2021-07-01,2022-07-01,4,365.0
320210015,2021-07-01,2022-07-01,4,365.0
320210016,2021-07-01,2022-07-01,5,365.0
320210017,2021-07-01,2022-07-01,3,365.0
420130021,2013-09-04,2014-09-04,3,365.0
420130023,2013-09-04,2014-09-04,3,365.0
420160032,2016-10-01,2017-10-01,5,365.0
420150034,2016-02-15,2017-02-14,3,365.0
420150036,2016-02-15,2017-02-14,4,365.0
420150037,2016-03-01,2017-03-01,4,365.0
420150038,2016-03-01,2017-03-01,2,365.0
420150039,2016-03-01,2017-03-01,5,365.0
420150044,2016-03-01,2017-03-01,2,365.0
420150045,2016-03-01,2017-03-01,4,365.0
420150046,2016-03-01,2017-03-01,3,365.0
420150047,2016-03-01,2017-03-01,5,365.0
420150048,2016-02-01,2017-01-31,2,365.0
420150049,2016-02-01,2017-01-31,5,365.0
420150050,2016-02-01,2017-01-31,4,365.0
420160028,2016-10-01,2017-10-01,5,365.0
420160029,2016-10-01,2017-10-01,2,365.0
420160030,2016-10-01,2017-10-01,3,365.0
420160031,2016-10-01,2017-10-01,3,365.0
420150035,2016-02-15,2017-02-14,5,365.0
420150021,2015-08-22,2016-08-21,3,365.0
420130024,2013-09-04,2014-09-04,3,365.0
420150020,2015-08-22,2016-08-21,3,365.0
420140002,2014-09-01,2015-09-01,5,365.0
420140003,2014-09-01,2015-09-01,5,365.0
420140004,2014-09-01,2015-09-01,3,365.0
420140005,2014-09-01,2015-09-01,4,365.0
420140006,2014-08-20,2015-08-20,3,365.0
420140007,2014-08-20,2015-08-20,3,365.0
420140008,2014-08-20,2015-08-20,5,365.0
420140009,2014-08-20,2015-08-20,3,365.0
420140010,2014-08-20,2015-08-20,3,365.0
420150010,2015-08-22,2016-08-21,3,365.0
420150011,2015-08-22,2016-08-21,2,365.0
420150012,2015-08-22,2016-08-21,3,365.0
420150013,2015-08-22,2016-08-21,4,365.0
420150018,2015-08-22,2016-08-21,3,365.0
420150019,2015-08-22,2016-08-21,3,365.0
2520140006,2014-10-02,2015-10-02,5,365.0
2520140005,2014-10-02,2015-10-02,3,365.0
2520140004,2014-10-01,2015-10-01,3,365.0
2220180012,2018-06-01,2019-06-01,3,365.0
2220180005,2018-06-01,2019-06-01,2,365.0
2220180006,2018-06-01,2019-06-01,3,365.0
2220180007,2018-06-01,2019-06-01,3,365.0
2220180008,2018-06-01,2019-06-01,3,365.0
2220180009,2018-06-01,2019-06-01,2,365.0
2220180010,2018-06-01,2019-06-01,2,365.0
2220180011,2018-06-01,2019-06-01,3,365.0
2220180013,2018-09-03,2019-09-03,2,365.0
2520140003,2014-10-01,2015-10-01,5,365.0
2220180014,2018-09-03,2019-09-03,3,365.0
2220180015,2018-09-03,2019-09-03,3,365.0
2220180016,2018-09-03,2019-09-03,3,365.0
2220190001,2019-06-01,2020-05-31,6,365.0
2220190002,2019-06-01,2020-05-31,6,365.0
2220190003,2019-06-01,2020-05-31,5,365.0
2220190004,2019-06-01,2020-05-31,5,365.0
2220180004,2018-06-01,2019-06-01,3,365.0
2220180003,2018-06-01,2019-06-01,3,365.0
2220180002,2018-06-01,2019-06-01,2,365.0
2220180001,2018-06-01,2019-06-01,3,365.0
2220170016,2017-06-01,2018-06-01,2,365.0
2220170017,2017-06-01,2018-06-01,2,365.0
2220170018,2017-06-01,2018-06-01,5,365.0
2220170019,2017-06-01,2018-06-01,2,365.0
2220170020,2017-06-01,2018-06-01,5,365.0
2220170021,2017-06-01,2018-06-01,3,365.0
2220170022,2017-06-01,2018-06-01,2,365.0
2220170023,2017-08-01,2018-08-01,4,365.0
2220170024,2017-08-01,2018-08-01,2,365.0
2220170025,2017-08-01,2018-08-01,2,365.0
2220170026,2017-08-01,2018-08-01,3,365.0
2220170027,2017-08-01,2018-08-01,2,365.0
2220170028,2017-08-01,2018-08-01,3,365.0
2220170029,2017-08-01,2018-08-01,3,365.0
2220170030,2017-08-01,2018-08-01,5,365.0
2220190005,2019-06-01,2020-05-31,5,365.0
2220190006,2019-06-01,2020-05-31,4,365.0
2220190014,2019-08-01,2020-07-31,4,365.0
2220200016,2020-11-01,2021-11-01,3,365.0
2220200018,2020-11-02,2021-11-02,3,365.0
2220200019,2020-11-03,2021-11-03,4,365.0
2220200020,2020-11-03,2021-11-03,4,365.0
2220200021,2020-11-06,2021-11-06,5,365.0
2220200022,2020-11-06,2021-11-06,5,365.0
2220200023,2020-12-01,2021-12-01,7,365.0
2220200024,2020-12-02,2021-12-02,7,365.0
2220200025,2020-12-02,2021-12-02,6,365.0
2220200026,2020-12-02,2021-12-02,8,365.0
2220210001,2021-07-15,2022-07-15,5,365.0
2220210002,2021-07-15,2022-07-15,4,365.0
2220210003,2021-07-08,2022-07-08,4,365.0
2220210004,2021-07-08,2022-07-08,3,365.0
2220210005,2021-07-15,2022-07-15,4,365.0
2220210006,2021-07-15,2022-07-15,3,365.0
2220200017,2020-11-02,2021-11-02,4,365.0
2220200015,2020-11-01,2021-11-01,4,365.0
2220190015,2019-08-01,2020-07-31,6,365.0
2220200014,2020-11-02,2021-11-02,4,365.0
2220190016,2019-08-15,2020-08-14,4,365.0
2220190017,2019-08-15,2020-08-14,5,365.0
2220200001,2020-11-01,2021-11-01,3,365.0
2220200002,2020-11-01,2021-11-01,5,365.0
2220200003,2020-11-01,2021-11-01,5,365.0
2220200004,2020-11-01,2021-11-01,3,365.0
2220200005,2020-11-01,2021-11-01,4,365.0
2220200006,2020-11-01,2021-11-01,4,365.0
2220200007,2020-11-01,2021-11-01,5,365.0
2220200008,2020-11-01,2021-11-01,3,365.0
2220200009,2020-11-02,2021-11-02,3,365.0
2220200010,2020-11-02,2021-11-02,4,365.0
2220200011,2020-11-01,2021-11-01,3,365.0
2220200012,2020-11-01,2021-11-01,3,365.0
2220200013,2020-11-02,2021-11-02,3,365.0
2220170015,2017-06-01,2018-06-01,2,365.0
2220170014,2017-06-01,2018-06-01,2,365.0
2220170013,2017-06-01,2018-06-01,3,365.0
2220150021,2015-08-01,2016-07-31,3,365.0
2220150023,2015-08-01,2016-07-31,2,365.0
2220150024,2015-08-01,2016-07-31,2,365.0
2220150025,2015-08-01,2016-07-31,2,365.0
2220150026,2015-08-01,2016-07-31,2,365.0
2220150027,2015-08-01,2016-07-31,4,365.0
2220150028,2015-08-01,2016-07-31,3,365.0
2220150029,2015-08-01,2016-07-31,3,365.0
2220150030,2015-08-01,2016-07-31,2,365.0
2220150031,2015-08-01,2016-07-31,3,365.0
2220150032,2015-08-01,2016-07-31,2,365.0
2220150033,2015-08-01,2016-07-31,3,365.0
2220150034,2015-08-01,2016-07-31,2,365.0
2220150035,2015-08-01,2016-07-31,3,365.0
2220150036,2015-08-01,2016-07-31,2,365.0
2220150037,2015-08-01,2016-07-31,2,365.0
2220150022,2015-08-01,2016-07-31,3,365.0
2220150020,2015-08-01,2016-07-31,3,365.0
2220150039,2015-08-01,2016-07-31,2,365.0
2220150019,2015-08-01,2016-07-31,3,365.0
2220140001,2014-08-01,2015-08-01,3,365.0
2220140002,2014-08-01,2015-08-01,3,365.0
2220140003,2014-08-01,2015-08-01,4,365.0
2220140004,2014-08-01,2015-08-01,3,365.0
2220140005,2014-08-01,2015-08-01,3,365.0
2220140006,2014-08-01,2015-08-01,5,365.0
2220140007,2014-08-01,2015-08-01,2,365.0
2220140008,2014-08-01,2015-08-01,3,365.0
2220140009,2014-08-01,2015-08-01,5,365.0
2220150013,2015-08-01,2016-07-31,3,365.0
2220150014,2015-08-01,2016-07-31,2,365.0
2220150015,2015-08-01,2016-07-31,5,365.0
2220150016,2015-08-01,2016-07-31,3,365.0
2220150017,2015-08-01,2016-07-31,3,365.0
2220150018,2015-08-01,2016-07-31,2,365.0
2220150038,2015-08-01,2016-07-31,2,365.0
2220150040,2015-08-01,2016-07-31,3,365.0
2220170012,2017-06-01,2018-06-01,2,365.0
2220160034,2016-09-01,2017-09-01,3,365.0
2220160036,2016-09-01,2017-09-01,2,365.0
2220160037,2016-09-01,2017-09-01,3,365.0
2220160038,2016-09-01,2017-09-01,2,365.0
2220160039,2016-09-01,2017-09-01,2,365.0
2220160040,2016-09-01,2017-09-01,3,365.0
2220160041,2016-09-01,2017-09-01,2,365.0
2220160042,2016-09-01,2017-09-01,3,365.0
2220160043,2016-09-01,2017-09-01,3,365.0
2220160044,2016-09-01,2017-09-01,3,365.0
2220160045,2016-09-01,2017-09-01,3,365.0
2220160046,2016-09-01,2017-09-01,2,365.0
2220160047,2016-09-01,2017-09-01,3,365.0
2220170009,2017-06-01,2018-06-01,3,365.0
2220170010,2017-06-01,2018-06-01,5,365.0
2220170011,2017-06-01,2018-06-01,3,365.0
2220160035,2016-09-01,2017-09-01,2,365.0
2220160033,2016-09-01,2017-09-01,3,365.0
2220150083,2016-03-01,2017-03-01,3,365.0
2220160032,2016-09-01,2017-09-01,3,365.0
2220150084,2016-03-01,2017-03-01,3,365.0
2220150085,2016-03-01,2017-03-01,3,365.0
2220150086,2016-03-01,2017-03-01,3,365.0
2220150087,2016-04-01,2017-04-01,2,365.0
2220150088,2016-04-01,2017-04-01,3,365.0
2220150089,2016-04-01,2017-04-01,3,365.0
2220150090,2016-04-01,2017-04-01,3,365.0
2220150091,2016-03-01,2017-03-01,2,365.0
2220150092,2016-03-01,2017-03-01,3,365.0
2220150093,2016-03-01,2017-03-01,3,365.0
2220150094,2016-03-01,2017-03-01,3,365.0
2220160028,2016-09-01,2017-09-01,5,365.0
2220160029,2016-09-01,2017-09-01,2,365.0
2220160030,2016-09-01,2017-09-01,3,365.0
2220160031,2016-09-01,2017-09-01,3,365.0
2220210007,2021-07-07,2022-07-07,4,365.0
2220210008,2021-07-07,2022-07-07,4,365.0
2220210009,2021-07-07,2022-07-07,5,365.0
2420180010,2018-08-01,2019-08-01,5,365.0
2420190001,2019-06-15,2020-06-14,5,365.0
2420190002,2019-06-15,2020-06-14,4,365.0
2420190003,2019-06-01,2020-05-31,4,365.0
2420190004,2019-06-01,2020-05-31,6,365.0
2420190006,2019-06-10,2020-06-09,5,365.0
2420190007,2019-06-10,2020-06-09,6,365.0
2420200001,2020-11-19,2021-11-19,7,365.0
2420200002,2020-11-16,2021-11-16,7,365.0
2420200003,2020-11-16,2021-11-16,8,365.0
2420200004,2020-11-16,2021-11-16,7,365.0
2420200005,2020-11-18,2021-11-18,7,365.0
2420200006,2020-12-16,2021-12-16,3,365.0
2420200007,2020-12-16,2021-12-16,3,365.0
2420200008,2020-12-16,2021-12-16,4,365.0
2420200009,2020-12-16,2021-12-16,4,365.0
2420180019,2019-01-03,2020-01-03,3,365.0
2420180009,2018-08-01,2019-08-01,4,365.0
2420200011,2020-12-16,2021-12-16,5,365.0
2420180008,2018-08-01,2019-08-01,4,365.0
2420170015,2017-09-02,2018-09-02,2,365.0
2420170016,2017-09-02,2018-09-02,5,365.0
2420170017,2017-09-02,2018-09-02,3,365.0
2420170018,2017-09-02,2018-09-02,3,365.0
2420170019,2017-09-02,2018-09-02,3,365.0
2420170020,2017-09-02,2018-09-02,3,365.0
2420170021,2017-09-02,2018-09-02,3,365.0
2420170022,2017-09-02,2018-09-02,3,365.0
2420180001,2018-06-01,2019-06-01,5,365.0
2420180002,2018-06-01,2019-06-01,4,365.0
2420180003,2018-06-01,2019-06-01,4,365.0
2420180004,2018-06-01,2019-06-01,4,365.0
2420180005,2018-07-15,2019-07-15,5,365.0
2420180006,2018-07-15,2019-07-15,4,365.0
2420180007,2018-08-01,2019-08-01,3,365.0
2420200010,2020-12-16,2021-12-16,3,365.0
2420210001,2021-07-01,2022-07-01,5,365.0
2420170013,2017-09-02,2018-09-02,4,365.0
2420220002,2022-08-01,2023-08-01,5,365.0
2420220004,2022-08-10,2023-08-10,4,365.0
2420220007,2022-08-01,2023-08-01,5,365.0
2420220008,2022-08-01,2023-08-01,5,365.0
2520130001,2013-09-16,2014-09-16,2,365.0
2520130002,2013-09-16,2014-09-16,3,365.0
2520130003,2013-09-16,2014-09-16,4,365.0
2520130004,2013-09-16,2014-09-16,3,365.0
2520130005,2013-09-16,2014-09-16,3,365.0
2520130006,2013-09-16,2014-09-16,2,365.0
2520130007,2013-09-16,2014-09-16,4,365.0
2520130008,2013-09-16,2014-09-16,3,365.0
2520130009,2013-09-16,2014-09-16,3,365.0
2520130010,2013-09-16,2014-09-16,5,365.0
2520140001,2014-10-01,2015-10-01,3,365.0
2520140002,2014-10-01,2015-10-01,2,365.0
2420220003,2022-08-10,2023-08-10,4,365.0
2420220001,2022-08-01,2023-08-01,4,365.0
2420210002,2021-07-01,2022-07-01,3,365.0
2420210018,2021-07-01,2022-07-01,3,365.0
2420210003,2021-07-01,2022-07-01,5,365.0
2420210004,2021-07-01,2022-07-01,5,365.0
2420210005,2021-07-15,2022-07-15,5,365.0
2420210006,2021-07-15,2022-07-15,5,365.0
2420210007,2021-07-01,2022-07-01,5,365.0
2420210008,2021-07-01,2022-07-01,4,365.0
2420210009,2021-07-15,2022-07-15,5,365.0
2420210010,2021-07-15,2022-07-15,5,365.0
2420210011,2021-07-01,2022-07-01,3,365.0
2420210012,2021-07-01,2022-07-01,5,365.0
2420210013,2021-07-01,2022-07-01,3,365.0
2420210014,2021-07-01,2022-07-01,5,365.0
2420210015,2021-07-01,2022-07-01,5,365.0
2420210016,2021-07-01,2022-07-01,6,365.0
2420210017,2021-07-01,2022-07-01,4,365.0
2420170014,2017-09-02,2018-09-02,4,365.0
2420170012,2017-09-02,2018-09-02,3,365.0
2220210010,2021-07-07,2022-07-07,3,365.0
2220210028,2021-08-01,2022-08-01,3,365.0
2220220002,2022-08-01,2023-08-01,6,365.0
2220220003,2022-08-01,2023-08-01,5,365.0
2220220004,2022-08-01,2023-08-01,5,365.0
2220220005,2022-08-01,2023-08-01,5,365.0
2220220006,2022-08-01,2023-08-01,4,365.0
2320150001,2016-02-01,2017-01-31,2,365.0
2320150002,2016-02-01,2017-01-31,2,365.0
2320150003,2016-02-01,2017-01-31,5,365.0
2320150004,2016-02-01,2017-01-31,3,365.0
2320180001,2018-10-01,2019-10-01,3,365.0
2320180002,2018-10-01,2019-10-01,6,365.0
2320190001,2019-09-02,2020-09-01,6,365.0
2420120024,2013-02-01,2014-02-01,3,365.0
2420120025,2013-02-01,2014-02-01,3,365.0
2420120026,2013-02-11,2014-02-11,3,365.0
2220220001,2022-08-01,2023-08-01,4,365.0
2220210027,2021-08-01,2022-08-01,4,365.0
2420120028,2013-02-11,2014-02-11,5,365.0
2220210026,2021-07-15,2022-07-15,3,365.0
2220210011,2021-07-07,2022-07-07,3,365.0
2220210012,2021-07-07,2022-07-07,3,365.0
2220210013,2021-08-06,2022-08-06,3,365.0
2220210014,2021-08-06,2022-08-06,4,365.0
2220210015,2021-07-15,2022-07-15,3,365.0
2220210016,2021-07-15,2022-07-15,5,365.0
2220210017,2021-08-07,2022-08-07,3,365.0
2220210018,2021-08-07,2022-08-07,4,365.0
2220210019,2021-07-15,2022-07-15,4,365.0
2220210020,2021-07-15,2022-07-15,5,365.0
2220210021,2021-07-07,2022-07-07,5,365.0
2220210022,2021-07-07,2022-07-07,4,365.0
2220210023,2021-07-15,2022-07-15,3,365.0
2220210024,2021-07-15,2022-07-15,5,365.0
2220210025,2021-07-15,2022-07-15,3,365.0
2420120027,2013-02-11,2014-02-11,4,365.0
2420120029,2013-02-01,2014-02-01,3,365.0
2420170011,2017-09-02,2018-09-02,3,365.0
2420140016,2015-03-02,2016-03-01,3,365.0
2420140018,2015-03-02,2016-03-01,3,365.0
2420140019,2015-03-02,2016-03-01,5,365.0
2420140020,2015-03-02,2016-03-01,3,365.0
2420140022,2015-03-02,2016-03-01,3,365.0
2420140023,2015-03-02,2016-03-01,3,365.0
2420140024,2015-03-02,2016-03-01,5,365.0
2420140025,2015-03-02,2016-03-01,4,365.0
2420150001,2015-09-01,2016-08-31,3,365.0
2420150002,2015-09-01,2016-08-31,4,365.0
2420150003,2015-09-01,2016-08-31,3,365.0
2420150004,2015-09-01,2016-08-31,3,365.0
2420170007,2017-06-01,2018-06-01,5,365.0
2420170008,2017-06-01,2018-06-01,4,365.0
2420170009,2017-06-01,2018-06-01,3,365.0
2420170010,2017-06-01,2018-06-01,4,365.0
2420140017,2015-03-02,2016-03-01,3,365.0
2420140015,2015-03-02,2016-03-01,5,365.0
2420120030,2013-02-11,2014-02-11,4,365.0
2420140014,2015-03-02,2016-03-01,3,365.0
2420130001,2013-09-02,2014-09-02,3,365.0
2420130002,2013-09-02,2014-09-02,4,365.0
2420130003,2013-09-02,2014-09-02,3,365.0
2420130004,2013-09-02,2014-09-02,4,365.0
2420140001,2014-08-15,2015-08-15,3,365.0
2420140002,2014-08-15,2015-08-15,5,365.0
2420140003,2014-08-15,2015-08-15,5,365.0
2420140004,2014-08-15,2015-08-15,5,365.0
2420140005,2014-08-15,2015-08-15,3,365.0
2420140006,2014-08-15,2015-08-15,5,365.0
2420140007,2014-09-01,2015-09-01,5,365.0
2420140008,2014-09-01,2015-09-01,4,365.0
2420140009,2014-09-01,2015-09-01,2,365.0
2420140010,2014-09-01,2015-09-01,2,365.0
2420140013,2015-03-02,2016-03-01,3,365.0
420200025,2020-12-15,2021-12-15,4,365.0
420200027,2020-12-15,2021-12-15,6,365.0
1020120028,2013-02-09,2014-02-09,2,365.0
820140017,2014-11-20,2015-11-20,4,365.0
820140010,2014-11-20,2015-11-20,5,365.0
820140011,2014-11-20,2015-11-20,5,365.0
820140012,2014-11-20,2015-11-20,4,365.0
820140013,2014-11-20,2015-11-20,4,365.0
820140014,2014-11-20,2015-11-20,5,365.0
820140015,2014-11-20,2015-11-20,5,365.0
820140016,2014-11-20,2015-11-20,3,365.0
820140018,2014-11-20,2015-11-20,5,365.0
820170006,2017-08-01,2018-08-01,5,365.0
820140019,2014-11-20,2015-11-20,3,365.0
820140020,2014-11-20,2015-11-20,4,365.0
820140021,2014-11-20,2015-11-20,4,365.0
820140022,2014-11-20,2015-11-20,3,365.0
820140023,2014-11-20,2015-11-20,5,365.0
820140024,2014-11-20,2015-11-20,4,365.0
820150008,2015-05-06,2016-05-05,4,365.0
820140009,2014-11-20,2015-11-20,3,365.0
820140008,2014-11-20,2015-11-20,5,365.0
820140007,2014-11-20,2015-11-20,5,365.0
820140006,2014-11-20,2015-11-20,6,365.0
820130003,2013-09-02,2014-09-02,4,365.0
820130004,2013-09-02,2014-09-02,5,365.0
820130005,2013-09-22,2014-09-22,5,365.0
820130006,2013-09-22,2014-09-22,3,365.0
820130007,2013-09-22,2014-09-22,5,365.0
820130008,2013-09-22,2014-09-22,3,365.0
820130009,2013-09-22,2014-09-22,4,365.0
820130010,2013-09-22,2014-09-22,3,365.0
820130011,2013-09-22,2014-09-22,3,365.0
820130012,2013-09-22,2014-09-22,4,365.0
820140001,2014-11-20,2015-11-20,3,365.0
820140002,2014-11-20,2015-11-20,6,365.0
820140003,2014-11-20,2015-11-20,3,365.0
820140004,2014-11-20,2015-11-20,4,365.0
820140005,2014-11-20,2015-11-20,4,365.0
820150009,2015-05-06,2016-05-05,3,365.0
820150010,2015-05-06,2016-05-05,5,365.0
820150011,2015-05-06,2016-05-05,4,365.0
820160112,2016-07-25,2017-07-25,5,365.0
820160114,2016-07-25,2017-07-25,3,365.0
820160115,2016-07-25,2017-07-25,3,365.0
820160116,2016-07-25,2017-07-25,2,365.0
820160117,2016-07-25,2017-07-25,5,365.0
820160118,2016-07-25,2017-07-25,2,365.0
820160119,2016-07-25,2017-07-25,2,365.0
820160121,2016-07-25,2017-07-25,3,365.0
820160125,2016-07-25,2017-07-25,4,365.0
820160126,2016-07-25,2017-07-25,3,365.0
820160129,2016-07-25,2017-07-25,4,365.0
820160130,2016-07-25,2017-07-25,3,365.0
820170001,2017-08-01,2018-08-01,3,365.0
820170002,2017-08-01,2018-08-01,5,365.0
820170003,2017-08-01,2018-08-01,2,365.0
820170004,2017-08-01,2018-08-01,2,365.0
820160113,2016-07-25,2017-07-25,3,365.0
820160111,2016-07-25,2017-07-25,4,365.0
820150012,2015-05-06,2016-05-05,5,365.0
820160110,2016-07-25,2017-07-25,3,365.0
820150013,2015-05-06,2016-05-05,3,365.0
820150014,2015-05-06,2016-05-05,3,365.0
820150022,2016-01-04,2017-01-03,3,365.0
820150023,2016-01-04,2017-01-03,4,365.0
820150024,2016-01-04,2017-01-03,4,365.0
820150025,2016-01-04,2017-01-03,4,365.0
820150026,2016-01-04,2017-01-03,3,365.0
820150027,2016-01-04,2017-01-03,3,365.0
820150028,2016-01-04,2017-01-03,4,365.0
820150029,2016-01-04,2017-01-03,5,365.0
820150030,2016-01-04,2017-01-03,5,365.0
820150031,2016-01-04,2017-01-03,5,365.0
820160107,2016-08-25,2017-08-25,3,365.0
820160108,2016-08-25,2017-08-25,4,365.0
820160109,2016-08-25,2017-08-25,5,365.0
820130002,2013-09-02,2014-09-02,5,365.0
820130001,2013-09-02,2014-09-02,5,365.0
720220006,2022-08-01,2023-08-01,5,365.0
720170015,2017-09-11,2018-09-11,3,365.0
720180001,2018-09-01,2019-09-01,3,365.0
720180002,2018-09-01,2019-09-01,2,365.0
720180003,2018-09-01,2019-09-01,3,365.0
720180004,2018-09-01,2019-09-01,2,365.0
720180005,2018-09-01,2019-09-01,4,365.0
720180006,2018-09-01,2019-09-01,2,365.0
720180007,2018-09-01,2019-09-01,3,365.0
720180008,2018-09-01,2019-09-01,3,365.0
720180009,2018-09-01,2019-09-01,2,365.0
720180010,2018-09-01,2019-09-01,2,365.0
720180011,2018-09-01,2019-09-01,2,365.0
720180012,2018-09-01,2019-09-01,3,365.0
720180013,2018-09-01,2019-09-01,3,365.0
720180014,2018-09-01,2019-09-01,3,365.0
720180015,2018-09-01,2019-09-01,3,365.0
720170016,2017-09-11,2018-09-11,2,365.0
720170014,2017-09-11,2018-09-11,3,365.0
720180017,2018-09-01,2019-09-01,3,365.0
720170013,2017-09-11,2018-09-11,3,365.0
720160071,2016-09-21,2017-09-21,3,365.0
720160072,2016-09-21,2017-09-21,3,365.0
720160073,2016-09-21,2017-09-21,3,365.0
720170001,2017-09-11,2018-09-11,3,365.0
720170002,2017-09-11,2018-09-11,4,365.0
720170003,2017-09-11,2018-09-11,3,365.0
720170004,2017-09-11,2018-09-11,2,365.0
720170005,2017-09-11,2018-09-11,3,365.0
720170006,2017-09-11,2018-09-11,3,365.0
720170007,2017-09-11,2018-09-11,2,365.0
720170008,2017-09-11,2018-09-11,2,365.0
720170009,2017-09-12,2018-09-12,2,365.0
720170010,2017-09-12,2018-09-12,3,365.0
720170011,2017-09-12,2018-09-12,4,365.0
720170012,2017-09-12,2018-09-12,3,365.0
720180016,2018-09-01,2019-09-01,2,365.0
720180018,2018-09-01,2019-09-01,3,365.0
720220005,2022-08-01,2023-08-01,3,365.0
720200004,2020-11-09,2021-11-09,5,365.0
720200006,2020-11-09,2021-11-09,5,365.0
720200007,2020-11-09,2021-11-09,3,365.0
720200008,2020-11-09,2021-11-09,5,365.0
720210001,2021-07-01,2022-07-01,5,365.0
720210002,2021-07-01,2022-07-01,6,365.0
720210003,2021-07-01,2022-07-01,4,365.0
720210004,2021-07-01,2022-07-01,5,365.0
720210005,2021-07-01,2022-07-01,6,365.0
720210006,2021-07-01,2022-07-01,5,365.0
720210007,2021-07-01,2022-07-01,4,365.0
720210008,2021-07-01,2022-07-01,4,365.0
720210009,2021-07-01,2022-07-01,5,365.0
720210010,2021-07-01,2022-07-01,4,365.0
720220003,2022-08-01,2023-08-01,4,365.0
720220004,2022-08-01,2023-08-01,4,365.0
720200005,2020-11-09,2021-11-09,3,365.0
720200003,2020-11-09,2021-11-09,3,365.0
720180019,2018-09-01,2019-09-01,3,365.0
720200002,2020-11-09,2021-11-09,5,365.0
720180020,2018-09-01,2019-09-01,3,365.0
720190001,2019-08-01,2020-07-31,4,365.0
720190002,2019-08-01,2020-07-31,5,365.0
720190003,2019-08-01,2020-07-31,5,365.0
720190004,2019-08-01,2020-07-31,4,365.0
720190005,2019-08-01,2020-07-31,4,365.0
720190006,2019-08-01,2020-07-31,3,365.0
720190007,2019-08-01,2020-07-31,5,365.0
720190008,2019-08-01,2020-07-31,5,365.0
720190009,2019-08-01,2020-07-31,6,365.0
720190010,2019-08-01,2020-07-31,4,365.0
720190011,2019-08-01,2020-07-31,4,365.0
720190012,2019-08-01,2020-07-31,4,365.0
720190013,2019-08-01,2020-07-31,6,365.0
720200001,2020-11-09,2021-11-09,3,365.0
820170005,2017-08-01,2018-08-01,4,365.0
820170007,2017-08-01,2018-08-01,3,365.0
420200028,2020-12-15,2021-12-15,4,365.0
920140027,2015-04-01,2016-03-31,3,365.0
920140020,2015-02-16,2016-02-16,5,365.0
920140021,2015-02-16,2016-02-16,4,365.0
920140022,2015-02-16,2016-02-16,2,365.0
920140023,2015-02-16,2016-02-16,3,365.0
920140024,2015-01-06,2016-01-06,3,365.0
920140025,2015-01-06,2016-01-06,5,365.0
920140026,2015-01-06,2016-01-06,4,365.0
920140028,2015-04-01,2016-03-31,3,365.0
820170008,2017-08-01,2018-08-01,2,365.0
920140029,2015-04-01,2016-03-31,4,365.0
920140030,2015-04-01,2016-03-31,5,365.0
920140031,2015-04-01,2016-03-31,5,365.0
920140032,2015-04-01,2016-03-31,2,365.0
920150001,2015-08-03,2016-08-02,3,365.0
920150002,2015-08-03,2016-08-02,3,365.0
920150003,2015-08-03,2016-08-02,5,365.0
920140019,2015-02-16,2016-02-16,4,365.0
920140018,2015-02-11,2016-02-11,5,365.0
920140017,2015-02-11,2016-02-11,3,365.0
920140016,2015-02-11,2016-02-11,4,365.0
920140001,2014-09-25,2015-09-25,5,365.0
920140002,2014-09-25,2015-09-25,4,365.0
920140003,2014-09-25,2015-09-25,4,365.0
920140004,2014-09-19,2015-09-19,5,365.0
920140005,2014-09-19,2015-09-19,3,365.0
920140006,2014-09-19,2015-09-19,3,365.0
920140007,2014-09-19,2015-09-19,3,365.0
920140008,2014-09-19,2015-09-19,5,365.0
920140009,2014-09-19,2015-09-19,4,365.0
920140010,2014-09-11,2015-09-11,3,365.0
920140011,2014-09-11,2015-09-11,3,365.0
920140012,2014-09-11,2015-09-11,2,365.0
920140013,2014-09-11,2015-09-11,3,365.0
920140014,2015-02-11,2016-02-11,3,365.0
920140015,2015-02-11,2016-02-11,3,365.0
920150004,2015-08-03,2016-08-02,4,365.0
920170001,2017-09-02,2018-09-02,3,365.0
920170002,2017-09-02,2018-09-02,4,365.0
920180014,2018-08-01,2019-08-01,4,365.0
920180016,2018-08-01,2019-08-01,5,365.0
920190001,2019-06-01,2020-05-31,6,365.0
920190002,2019-06-01,2020-05-31,4,365.0
920190003,2019-06-01,2020-05-31,4,365.0
920190004,2019-06-01,2020-05-31,4,365.0
920190007,2019-07-15,2020-07-14,4,365.0
920190008,2019-07-15,2020-07-14,5,365.0
920200001,2020-11-06,2021-11-06,4,365.0
920200002,2020-11-06,2021-11-06,6,365.0
920200003,2020-11-06,2021-11-06,4,365.0
920210001,2021-07-02,2022-07-02,3,365.0
920210002,2021-07-02,2022-07-02,4,365.0
920210003,2021-07-06,2022-07-06,4,365.0
920210004,2021-07-06,2022-07-06,4,365.0
920220001,2022-08-01,2023-08-01,3,365.0
920180015,2018-08-01,2019-08-01,5,365.0
920180013,2018-08-01,2019-08-01,4,365.0
920170003,2017-09-02,2018-09-02,2,365.0
920180012,2018-08-01,2019-08-01,5,365.0
920170004,2017-09-02,2018-09-02,5,365.0
920170005,2017-09-02,2018-09-02,2,365.0
920170006,2017-09-02,2018-09-02,2,365.0
920170007,2017-09-02,2018-09-02,4,365.0
920170008,2017-09-02,2018-09-02,5,365.0
920170009,2017-09-02,2018-09-02,2,365.0
920170010,2017-09-02,2018-09-02,4,365.0
920170011,2017-09-02,2018-09-02,3,365.0
920170012,2017-09-02,2018-09-02,3,365.0
920170013,2017-09-02,2018-09-02,5,365.0
920170014,2017-09-02,2018-09-02,5,365.0
920170015,2017-09-02,2018-09-02,5,365.0
920180004,2018-08-01,2019-08-01,4,365.0
920180005,2018-08-01,2019-08-01,4,365.0
920180011,2018-08-01,2019-08-01,5,365.0
920130011,2014-04-29,2015-04-29,2,365.0
920130010,2014-04-29,2015-04-29,3,365.0
920130009,2014-04-30,2015-04-30,3,365.0
820180017,2018-10-01,2019-10-01,4,365.0
820190001,2019-10-01,2020-09-30,5,365.0
820190002,2019-10-01,2020-09-30,5,365.0
820190003,2019-11-09,2020-11-08,6,365.0
820190004,2019-11-09,2020-11-08,5,365.0
820190005,2019-10-01,2020-09-30,6,365.0
820190006,2019-10-01,2020-09-30,5,365.0
820190007,2019-10-01,2020-09-30,6,365.0
820190008,2019-10-01,2020-09-30,6,365.0
820200001,2021-01-02,2022-01-02,3,365.0
820200002,2021-01-02,2022-01-02,3,365.0
820200003,2021-01-02,2022-01-02,8,365.0
820200004,2020-12-02,2021-12-02,8,365.0
820200005,2020-12-02,2021-12-02,7,365.0
820200006,2021-02-18,2022-02-18,3,365.0
820200007,2021-02-18,2022-02-18,5,365.0
820180018,2018-10-01,2019-10-01,3,365.0
820180016,2018-10-01,2019-10-01,3,365.0
820200071,2021-02-01,2022-02-01,3,365.0
820180015,2018-10-01,2019-10-01,4,365.0
820170009,2017-08-01,2018-08-01,5,365.0
820180001,2018-09-01,2019-09-01,3,365.0
820180002,2018-09-01,2019-09-01,4,365.0
820180003,2018-09-01,2019-09-01,3,365.0
820180004,2018-09-01,2019-09-01,5,365.0
820180005,2018-09-01,2019-09-01,4,365.0
820180006,2018-09-01,2019-09-01,5,365.0
820180007,2018-10-01,2019-10-01,5,365.0
820180008,2018-10-01,2019-10-01,3,365.0
820180009,2018-10-01,2019-10-01,3,365.0
820180010,2018-10-01,2019-10-01,2,365.0
820180011,2018-10-01,2019-10-01,3,365.0
820180012,2018-10-01,2019-10-01,3,365.0
820180013,2018-10-01,2019-10-01,3,365.0
820180014,2018-10-01,2019-10-01,3,365.0
820200008,2021-02-12,2022-02-12,8,365.0
820200072,2021-02-01,2022-02-01,3,365.0
920130008,2014-04-30,2015-04-30,4,365.0
820210017,2021-08-16,2022-08-16,6,365.0
820210019,2021-08-16,2022-08-16,3,365.0
820210020,2021-08-16,2022-08-16,3,365.0
820210047,2021-12-14,2022-12-14,6,365.0
820210048,2021-12-14,2022-12-14,4,365.0
820220001,2022-08-01,2023-08-01,3,365.0
820220002,2022-08-01,2023-08-01,5,365.0
820220003,2022-08-01,2023-08-01,4,365.0
820220004,2022-08-01,2023-08-01,4,365.0
920130001,2014-04-30,2015-04-30,2,365.0
920130002,2014-04-30,2015-04-30,3,365.0
920130003,2014-04-30,2015-04-30,3,365.0
920130004,2014-04-20,2015-04-20,4,365.0
920130005,2014-04-20,2015-04-20,2,365.0
920130006,2014-04-20,2015-04-20,3,365.0
920130007,2014-04-20,2015-04-20,4,365.0
820210018,2021-08-16,2022-08-16,4,365.0
820210016,2021-05-17,2022-05-17,3,365.0
820200073,2021-01-02,2022-01-02,8,365.0
820210015,2021-05-17,2022-05-17,5,365.0
820200074,2021-02-01,2022-02-01,5,365.0
820210001,2021-04-16,2022-04-16,5,365.0
820210002,2021-04-16,2022-04-16,3,365.0
820210003,2021-04-16,2022-04-16,3,365.0
820210004,2021-04-16,2022-04-16,4,365.0
820210005,2021-04-17,2022-04-17,5,365.0
820210006,2021-04-17,2022-04-17,4,365.0
820210007,2021-05-03,2022-05-03,3,365.0
820210008,2021-05-03,2022-05-03,4,365.0
820210009,2021-05-03,2022-05-03,4,365.0
820210010,2021-05-03,2022-05-03,5,365.0
820210011,2021-05-03,2022-05-03,3,365.0
820210012,2021-05-03,2022-05-03,4,365.0
820210013,2021-05-03,2022-05-03,4,365.0
820210014,2021-05-03,2022-05-03,5,365.0
720160070,2016-09-21,2017-09-21,3,365.0
720160069,2016-09-21,2017-09-21,5,365.0
720160068,2016-09-21,2017-09-21,4,365.0
520180006,2018-10-01,2019-10-01,5,365.0
520170023,2018-02-01,2019-02-01,2,365.0
520170024,2018-02-01,2019-02-01,2,365.0
520180001,2018-10-01,2019-10-01,5,365.0
520180002,2018-10-01,2019-10-01,3,365.0
520180003,2018-10-01,2019-10-01,3,365.0
520180004,2018-10-01,2019-10-01,4,365.0
520180005,2018-10-01,2019-10-01,4,365.0
520190001,2019-08-12,2020-08-11,4,365.0
720160067,2016-09-21,2017-09-21,2,365.0
520190002,2019-08-12,2020-08-11,6,365.0
520190003,2019-08-12,2020-08-11,5,365.0
520190004,2019-08-12,2020-08-11,4,365.0
520190005,2019-08-12,2020-08-11,5,365.0
520190006,2019-08-12,2020-08-11,5,365.0
520190007,2019-08-12,2020-08-11,4,365.0
520190008,2019-08-12,2020-08-11,4,365.0
520170022,2018-02-01,2019-02-01,3,365.0
520170021,2018-02-01,2019-02-01,3,365.0
520170020,2018-02-01,2019-02-01,2,365.0
520170019,2018-02-01,2019-02-01,3,365.0
520170002,2017-08-01,2018-08-01,2,365.0
520170003,2017-08-01,2018-08-01,3,365.0
520170004,2017-08-01,2018-08-01,3,365.0
520170007,2017-08-01,2018-08-01,5,365.0
520170008,2017-08-01,2018-08-01,3,365.0
520170009,2017-08-01,2018-08-01,2,365.0
520170010,2017-08-01,2018-08-01,5,365.0
520170011,2017-08-01,2018-08-01,4,365.0
520170012,2017-08-01,2018-08-01,3,365.0
520170013,2017-08-01,2018-08-01,3,365.0
520170014,2017-08-01,2018-08-01,3,365.0
520170015,2017-08-01,2018-08-01,2,365.0
520170016,2017-08-01,2018-08-01,2,365.0
520170017,2018-02-01,2019-02-01,2,365.0
520170018,2018-02-01,2019-02-01,3,365.0
520190009,2019-08-12,2020-08-11,4,365.0
520190010,2019-08-12,2020-08-11,4,365.0
520200001,2020-11-19,2021-11-19,7,365.0
620140001,2014-11-01,2015-11-01,3,365.0
620140003,2014-11-01,2015-11-01,3,365.0
620140004,2014-11-01,2015-11-01,3,365.0
620140005,2014-11-01,2015-11-01,2,365.0
620140006,2014-11-01,2015-11-01,3,365.0
620140007,2014-11-01,2015-11-01,3,365.0
620150012,2015-10-20,2016-10-19,3,365.0
620150013,2015-10-20,2016-10-19,3,365.0
620150014,2015-10-20,2016-10-19,3,365.0
620150015,2015-10-20,2016-10-19,2,365.0
620150016,2015-10-22,2016-10-21,2,365.0
620150017,2015-10-22,2016-10-21,5,365.0
620150018,2015-10-22,2016-10-21,2,365.0
620150019,2015-10-22,2016-10-21,2,365.0
620150020,2015-10-21,2016-10-20,2,365.0
620150021,2015-10-21,2016-10-20,5,365.0
620140002,2014-11-01,2015-11-01,4,365.0
620130005,2013-11-01,2014-11-01,2,365.0
520200002,2020-11-19,2021-11-19,7,365.0
620130004,2013-11-01,2014-11-01,3,365.0
520200003,2020-11-24,2021-11-24,5,365.0
520200004,2020-11-24,2021-11-24,5,365.0
520200005,2020-11-19,2021-11-19,5,365.0
520200006,2020-11-19,2021-11-19,4,365.0
520200007,2020-11-19,2021-11-19,4,365.0
520200008,2020-11-19,2021-11-19,4,365.0
520210001,2021-07-16,2022-07-16,6,365.0
520210002,2021-07-16,2022-07-16,3,365.0
520210003,2021-07-16,2022-07-16,4,365.0
520210004,2021-07-16,2022-07-16,3,365.0
520210005,2021-07-16,2022-07-16,5,365.0
520210006,2021-07-16,2022-07-16,5,365.0
620130001,2013-11-01,2014-11-01,3,365.0
620130002,2013-11-01,2014-11-01,2,365.0
620130003,2013-11-01,2014-11-01,2,365.0
520170001,2017-08-01,2018-08-01,3,365.0
520160023,2016-10-03,2017-10-03,2,365.0
520160022,2016-10-03,2017-10-03,2,365.0
420210016,2021-08-02,2022-08-02,5,365.0
420210018,2021-08-02,2022-08-02,6,365.0
420210019,2021-08-04,2022-08-04,3,365.0
420210020,2021-08-04,2022-08-04,5,365.0
420210021,2021-08-02,2022-08-02,5,365.0
420210022,2021-08-02,2022-08-02,4,365.0
520130001,2013-09-14,2014-09-14,3,365.0
520130002,2013-09-14,2014-09-14,2,365.0
520130003,2013-09-14,2014-09-14,4,365.0
520130004,2013-09-14,2014-09-14,4,365.0
520130005,2013-09-14,2014-09-14,2,365.0
520130006,2013-09-14,2014-09-14,3,365.0
520130007,2013-09-14,2014-09-14,4,365.0
520130008,2013-09-14,2014-09-14,5,365.0
520130009,2013-09-14,2014-09-14,5,365.0
520130010,2013-09-14,2014-09-14,2,365.0
420210017,2021-08-02,2022-08-02,4,365.0
420210015,2021-08-02,2022-08-02,4,365.0
520130012,2013-09-14,2014-09-14,3,365.0
420210014,2021-08-02,2022-08-02,3,365.0
420200029,2020-12-15,2021-12-15,5,365.0
420200030,2020-12-15,2021-12-15,6,365.0
420210001,2021-08-01,2022-08-01,4,365.0
420210002,2021-08-01,2022-08-01,5,365.0
420210003,2021-08-04,2022-08-04,5,365.0
420210004,2021-08-04,2022-08-04,3,365.0
420210005,2021-08-02,2022-08-02,4,365.0
420210006,2021-08-02,2022-08-02,3,365.0
420210007,2021-08-02,2022-08-02,6,365.0
420210008,2021-08-02,2022-08-02,6,365.0
420210009,2021-08-05,2022-08-05,4,365.0
420210010,2021-08-05,2022-08-05,3,365.0
420210011,2021-08-02,2022-08-02,5,365.0
420210012,2021-08-02,2022-08-02,5,365.0
420210013,2021-08-02,2022-08-02,4,365.0
520130011,2013-09-14,2014-09-14,3,365.0
520130013,2013-09-14,2014-09-14,2,365.0
520160021,2016-10-03,2017-10-03,2,365.0
520150008,2015-09-01,2016-08-31,2,365.0
520150010,2015-09-01,2016-08-31,3,365.0
520150011,2015-09-01,2016-08-31,2,365.0
520150036,2015-12-01,2016-11-30,2,365.0
520150037,2015-12-01,2016-11-30,3,365.0
520150038,2015-12-01,2016-11-30,3,365.0
520150039,2015-12-01,2016-11-30,3,365.0
520160012,2016-10-03,2017-10-03,3,365.0
520160013,2016-10-03,2017-10-03,2,365.0
520160014,2016-10-03,2017-10-03,2,365.0
520160015,2016-10-03,2017-10-03,2,365.0
520160016,2016-10-03,2017-10-03,3,365.0
520160017,2016-10-03,2017-10-03,3,365.0
520160018,2016-10-03,2017-10-03,2,365.0
520160019,2016-10-03,2017-10-03,2,365.0
520160020,2016-10-03,2017-10-03,2,365.0
520150009,2015-09-01,2016-08-31,3,365.0
520150007,2015-09-01,2016-08-31,4,365.0
520130014,2013-09-14,2014-09-14,3,365.0
520150006,2015-09-01,2016-08-31,3,365.0
520130015,2013-09-14,2014-09-14,3,365.0
520140001,2014-08-01,2015-08-01,2,365.0
520140002,2014-08-01,2015-08-01,4,365.0
520140003,2014-08-01,2015-08-01,5,365.0
520140004,2014-08-01,2015-08-01,3,365.0
520140005,2014-08-01,2015-08-01,2,365.0
520140006,2014-08-01,2015-08-01,2,365.0
520140007,2014-08-01,2015-08-01,2,365.0
520140008,2014-08-01,2015-08-01,3,365.0
520140009,2014-08-01,2015-08-01,3,365.0
520140010,2014-08-01,2015-08-01,3,365.0
520140011,2014-08-01,2015-08-01,3,365.0
520140012,2014-08-01,2015-08-01,5,365.0
520140013,2014-08-01,2015-08-01,3,365.0
520150005,2015-09-01,2016-08-31,3,365.0
620150022,2015-10-21,2016-10-20,5,365.0
620150023,2015-10-21,2016-10-20,3,365.0
620160025,2016-10-01,2017-10-01,3,365.0
620210015,2021-08-01,2022-08-01,3,365.0
620210017,2021-08-01,2022-08-01,5,365.0
620210018,2021-08-01,2022-08-01,5,365.0
620220001,2022-08-01,2023-08-01,4,365.0
620220002,2022-08-01,2023-08-01,5,365.0
620220003,2022-08-01,2023-08-01,5,365.0
620220004,2022-08-01,2023-08-01,4,365.0
620220005,2022-08-01,2023-08-01,4,365.0
620220006,2022-08-01,2023-08-01,5,365.0
720130001,2013-10-23,2014-10-23,4,365.0
720130002,2013-10-23,2014-10-23,3,365.0
720130003,2013-10-23,2014-10-23,3,365.0
720130004,2013-09-23,2014-09-23,4,365.0
720130005,2013-09-23,2014-09-23,4,365.0
720130006,2013-09-23,2014-09-23,4,365.0
720130007,2013-09-23,2014-09-23,5,365.0
620210016,2021-08-01,2022-08-01,4,365.0
620210014,2021-08-01,2022-08-01,3,365.0
720130009,2013-09-23,2014-09-23,5,365.0
620210013,2021-08-01,2022-08-01,5,365.0
620200007,2020-12-01,2021-12-01,5,365.0
620200008,2020-12-01,2021-12-01,4,365.0
620200009,2020-12-07,2021-12-07,7,365.0
620210001,2021-08-01,2022-08-01,3,365.0
620210002,2021-08-01,2022-08-01,5,365.0
620210003,2021-08-01,2022-08-01,5,365.0
620210004,2021-08-01,2022-08-01,3,365.0
620210005,2021-08-01,2022-08-01,3,365.0
620210006,2021-08-01,2022-08-01,5,365.0
620210007,2021-08-04,2022-08-04,3,365.0
620210008,2021-08-04,2022-08-04,4,365.0
620210009,2021-08-01,2022-08-01,3,365.0
620210010,2021-08-01,2022-08-01,3,365.0
620210011,2021-08-01,2022-08-01,5,365.0
620210012,2021-08-01,2022-08-01,4,365.0
720130008,2013-09-23,2014-09-23,5,365.0
720140001,2015-09-01,2016-08-31,4,365.0
620200005,2020-12-01,2021-12-01,6,365.0
720150014,2015-10-01,2016-09-30,2,365.0
720150016,2015-09-01,2016-08-31,4,365.0
720150017,2015-09-01,2016-08-31,5,365.0
720150018,2015-09-01,2016-08-31,3,365.0
720150022,2015-09-01,2016-08-31,4,365.0
720150023,2015-09-01,2016-08-31,3,365.0
720150024,2015-09-01,2016-08-31,3,365.0
720160058,2016-09-21,2017-09-21,2,365.0
720160059,2016-09-21,2017-09-21,3,365.0
720160060,2016-09-21,2017-09-21,3,365.0
720160061,2016-09-21,2017-09-21,2,365.0
720160062,2016-09-21,2017-09-21,2,365.0
720160063,2016-09-21,2017-09-21,3,365.0
720160064,2016-09-21,2017-09-21,2,365.0
720160065,2016-09-21,2017-09-21,2,365.0
720160066,2016-09-21,2017-09-21,3,365.0
720150015,2015-10-01,2016-09-30,4,365.0
720150013,2015-10-01,2016-09-30,5,365.0
720140002,2015-09-01,2016-08-31,5,365.0
720150009,2015-09-01,2016-08-31,4,365.0
720140003,2015-09-01,2016-08-31,3,365.0
720140004,2015-09-01,2016-08-31,4,365.0
720140005,2015-09-01,2016-08-31,4,365.0
720140006,2015-09-01,2016-08-31,3,365.0
720140007,2015-09-01,2016-08-31,3,365.0
720140008,2015-09-01,2016-08-31,4,365.0
720140009,2015-09-01,2016-08-31,3,365.0
720150001,2015-10-01,2016-09-30,5,365.0
720150002,2015-10-01,2016-09-30,3,365.0
720150003,2015-10-01,2016-09-30,5,365.0
720150004,2015-09-01,2016-08-31,2,365.0
720150005,2015-09-01,2016-08-31,5,365.0
720150006,2015-09-01,2016-08-31,5,365.0
720150007,2015-09-01,2016-08-31,2,365.0
720150008,2015-09-01,2016-08-31,5,365.0
620200006,2020-12-01,2021-12-01,8,365.0
620200004,2020-12-01,2021-12-01,5,365.0
620160026,2016-10-01,2017-10-01,2,365.0
620170004,2017-10-01,2018-10-01,3,365.0
620170006,2017-10-01,2018-10-01,3,365.0
620170007,2017-10-01,2018-10-01,2,365.0
620170008,2017-10-01,2018-10-01,3,365.0
620170009,2017-10-01,2018-10-01,3,365.0
620170010,2017-10-01,2018-10-01,5,365.0
620170011,2017-10-01,2018-10-01,5,365.0
620170012,2017-10-01,2018-10-01,2,365.0
620170013,2017-10-01,2018-10-01,2,365.0
620170014,2017-10-01,2018-10-01,3,365.0
620170015,2017-10-01,2018-10-01,2,365.0
620170016,2017-10-01,2018-10-01,3,365.0
620170017,2017-10-01,2018-10-01,3,365.0
620170018,2017-10-01,2018-10-01,3,365.0
620170036,2018-02-01,2019-02-01,3,365.0
620170037,2018-02-01,2019-02-01,3,365.0
620170005,2017-10-01,2018-10-01,3,365.0
620170003,2017-10-01,2018-10-01,4,365.0
620170039,2018-02-01,2019-02-01,4,365.0
620170002,2017-10-01,2018-10-01,3,365.0
620160027,2016-10-01,2017-10-01,5,365.0
620160028,2016-10-01,2017-10-01,4,365.0
620160037,2016-10-01,2017-10-01,2,365.0
620160038,2016-10-01,2017-10-01,2,365.0
620160039,2016-10-01,2017-10-01,2,365.0
620160040,2016-10-01,2017-10-01,2,365.0
620160041,2016-10-01,2017-10-01,2,365.0
620160042,2016-10-01,2017-10-01,2,365.0
620160043,2016-10-01,2017-10-01,2,365.0
620160044,2016-10-01,2017-10-01,3,365.0
620160045,2016-10-01,2017-10-01,3,365.0
620160046,2016-10-01,2017-10-01,2,365.0
620160047,2016-10-01,2017-10-01,3,365.0
620160048,2016-10-01,2017-10-01,3,365.0
620170001,2017-10-01,2018-10-01,5,365.0
620170038,2018-02-01,2019-02-01,3,365.0
620170040,2018-02-01,2019-02-01,5,365.0
620200003,2020-12-01,2021-12-01,3,365.0
620180009,2018-10-01,2019-10-01,5,365.0
620180011,2018-10-01,2019-10-01,3,365.0
620180012,2018-10-01,2019-10-01,5,365.0
620180013,2018-10-01,2019-10-01,3,365.0
620180014,2018-10-01,2019-10-01,4,365.0
620180015,2018-10-01,2019-10-01,4,365.0
620190001,2019-08-01,2020-07-31,4,365.0
620190002,2019-08-01,2020-07-31,5,365.0
620190003,2019-08-01,2020-07-31,4,365.0
620190004,2019-08-01,2020-07-31,6,365.0
620190005,2019-08-01,2020-07-31,4,365.0
620190006,2019-08-01,2020-07-31,5,365.0
620190007,2019-08-01,2020-07-31,4,365.0
620190008,2019-08-01,2020-07-31,6,365.0
620200001,2020-12-01,2021-12-01,4,365.0
620200002,2020-12-01,2021-12-01,3,365.0
620180010,2018-10-01,2019-10-01,4,365.0
620180008,2018-08-01,2019-08-01,5,365.0
620170041,2018-02-01,2019-02-01,2,365.0
620180007,2018-08-01,2019-08-01,4,365.0
620170042,2018-02-01,2019-02-01,2,365.0
620170043,2018-02-01,2019-02-01,3,365.0
620170044,2018-02-01,2019-02-01,5,365.0
620170045,2018-02-01,2019-02-01,3,365.0
620170046,2018-02-01,2019-02-01,5,365.0
620170047,2018-02-01,2019-02-01,2,365.0
620170048,2018-02-01,2019-02-01,3,365.0
620170049,2018-02-01,2019-02-01,3,365.0
620170050,2018-02-01,2019-02-01,3,365.0
620180001,2018-08-01,2019-08-01,3,365.0
620180002,2018-08-01,2019-08-01,4,365.0
620180003,2018-08-01,2019-08-01,5,365.0
620180004,2018-08-01,2019-08-01,3,365.0
620180005,2018-08-01,2019-08-01,5,365.0
620180006,2018-08-01,2019-08-01,4,365.0
2220130011,2013-10-07,2014-10-07,3,365.0
2220130010,2013-10-07,2014-10-07,5,365.0
2220130009,2013-10-07,2014-10-07,4,365.0
1520170003,2017-09-01,2018-09-01,3,365.0
1520150010,2015-08-16,2016-08-15,3,365.0
1520160023,2016-11-01,2017-11-01,3,365.0
1520160024,2016-11-01,2017-11-01,3,365.0
1520160025,2016-11-01,2017-11-01,2,365.0
1520160026,2016-11-01,2017-11-01,3,365.0
1520170001,2017-09-01,2018-09-01,2,365.0
1520170002,2017-09-01,2018-09-01,3,365.0
1520170004,2017-09-01,2018-09-01,3,365.0
1620140008,2014-09-08,2015-09-08,3,365.0
1520170005,2017-09-01,2018-09-01,3,365.0
1520170006,2017-09-01,2018-09-01,3,365.0
1520170007,2017-09-01,2018-09-01,3,365.0
1520170008,2017-09-01,2018-09-01,3,365.0
1520170009,2018-02-01,2019-02-01,3,365.0
1520170010,2018-02-01,2019-02-01,2,365.0
1520170011,2018-02-01,2019-02-01,3,365.0
1520150009,2015-08-16,2016-08-15,4,365.0
1520150008,2015-08-16,2016-08-15,3,365.0
1520150007,2015-08-15,2016-08-14,2,365.0
1520150006,2015-08-15,2016-08-14,2,365.0
1420190005,2019-09-02,2020-09-01,5,365.0
1420200001,2021-01-04,2022-01-04,3,365.0
1420200002,2021-01-04,2022-01-04,5,365.0
1420210001,2021-07-15,2022-07-15,3,365.0
1420210002,2021-07-15,2022-07-15,4,365.0
1520140005,2014-07-01,2015-07-01,3,365.0
1520140006,2014-07-01,2015-07-01,3,365.0
1520140007,2014-07-01,2015-07-01,3,365.0
1520140008,2014-07-01,2015-07-01,4,365.0
1520140009,2014-07-01,2015-07-01,2,365.0
1520140010,2014-07-01,2015-07-01,3,365.0
1520140011,2014-07-01,2015-07-01,5,365.0
1520140012,2014-07-01,2015-07-01,2,365.0
1520150004,2015-08-15,2016-08-14,2,365.0
1520150005,2015-08-15,2016-08-14,3,365.0
1520170012,2018-02-01,2019-02-01,3,365.0
1520170013,2018-02-01,2019-02-01,3,365.0
1520170014,2018-02-01,2019-02-01,5,365.0
1520190012,2019-08-01,2020-07-31,4,365.0
1520190014,2019-08-01,2020-07-31,5,365.0
1520200001,2020-12-01,2021-12-01,4,365.0
1520200002,2020-12-01,2021-12-01,5,365.0
1520210001,2021-07-01,2022-07-01,3,365.0
1520210002,2021-07-01,2022-07-01,3,365.0
1520210003,2021-07-01,2022-07-01,4,365.0
1520210004,2021-07-01,2022-07-01,5,365.0
1520210005,2021-07-12,2022-07-12,4,365.0
1520210006,2021-07-12,2022-07-12,4,365.0
1620140001,2014-09-04,2015-09-04,5,365.0
1620140002,2014-09-06,2015-09-06,4,365.0
1620140003,2014-09-08,2015-09-08,5,365.0
1620140004,2014-09-06,2015-09-06,4,365.0
1620140005,2014-09-06,2015-09-06,3,365.0
1620140006,2014-09-06,2015-09-06,4,365.0
1520190013,2019-08-01,2020-07-31,5,365.0
1520190011,2019-08-01,2020-07-31,4,365.0
1520170015,2018-02-01,2019-02-01,4,365.0
1520190010,2019-08-01,2020-07-31,3,365.0
1520180001,2018-08-01,2019-08-01,3,365.0
1520180002,2018-08-01,2019-08-01,5,365.0
1520180003,2018-08-01,2019-08-01,4,365.0
1520180004,2018-08-01,2019-08-01,3,365.0
1520180005,2018-08-01,2019-08-01,4,365.0
1520180006,2018-08-01,2019-08-01,4,365.0
1520180007,2018-10-01,2019-10-01,4,365.0
1520180008,2018-10-01,2019-10-01,6,365.0
1520180009,2018-10-21,2019-10-21,3,365.0
1520180010,2018-10-21,2019-10-21,3,365.0
1520190005,2019-08-01,2020-07-31,4,365.0
1520190006,2019-08-01,2020-07-31,6,365.0
1520190007,2019-08-01,2020-07-31,5,365.0
1520190008,2019-08-01,2020-07-31,6,365.0
1520190009,2019-08-01,2020-07-31,3,365.0
1420190004,2019-09-02,2020-09-01,4,365.0
1420180004,2018-08-01,2019-08-01,6,365.0
1420180003,2018-08-01,2019-08-01,4,365.0
1320150033,2015-09-18,2016-09-17,2,365.0
1320150035,2015-09-18,2016-09-17,2,365.0
1320150036,2015-09-18,2016-09-17,2,365.0
1320160023,2016-10-01,2017-10-01,3,365.0
1320160024,2016-10-01,2017-10-01,4,365.0
1320160025,2016-10-01,2017-10-01,3,365.0
1320160026,2016-10-01,2017-10-01,4,365.0
1320170001,2017-09-01,2018-09-01,4,365.0
1320170002,2017-09-01,2018-09-01,5,365.0
1320170003,2017-09-01,2018-09-01,3,365.0
1320170004,2017-09-01,2018-09-01,3,365.0
1320170005,2017-09-11,2018-09-11,2,365.0
1320170006,2017-09-11,2018-09-11,2,365.0
1320170007,2017-09-11,2018-09-11,3,365.0
1320170008,2017-09-11,2018-09-11,2,365.0
1320170009,2017-09-01,2018-09-01,3,365.0
1320150034,2015-09-18,2016-09-17,3,365.0
1320150032,2015-09-18,2016-09-17,3,365.0
1320170011,2017-09-01,2018-09-01,3,365.0
1320150027,2015-09-09,2016-09-08,2,365.0
1320140007,2014-07-22,2015-07-22,5,365.0
1320140008,2014-07-22,2015-07-22,5,365.0
1320140009,2014-07-22,2015-07-22,3,365.0
1320140010,2014-07-22,2015-07-22,2,365.0
1320140011,2014-07-22,2015-07-22,3,365.0
1320140012,2014-07-22,2015-07-22,2,365.0
1320140013,2014-07-22,2015-07-22,4,365.0
1320150019,2015-09-11,2016-09-10,2,365.0
1320150020,2015-09-11,2016-09-10,3,365.0
1320150021,2015-09-11,2016-09-10,3,365.0
1320150022,2015-09-11,2016-09-10,3,365.0
1320150023,2015-09-11,2016-09-10,2,365.0
1320150024,2015-09-09,2016-09-08,3,365.0
1320150025,2015-09-09,2016-09-08,3,365.0
1320150026,2015-09-09,2016-09-08,4,365.0
1320170010,2017-09-01,2018-09-01,2,365.0
1320170012,2017-09-01,2018-09-01,5,365.0
1420180002,2018-08-01,2019-08-01,5,365.0
1320190008,2019-08-01,2020-07-31,5,365.0
1320200002,2020-12-01,2021-12-01,8,365.0
1320200003,2020-12-01,2021-12-01,8,365.0
1320210001,2021-06-02,2022-06-02,3,365.0
1320210002,2021-06-02,2022-06-02,4,365.0
1320210003,2021-06-02,2022-06-02,4,365.0
1320210004,2021-06-02,2022-06-02,3,365.0
1320210005,2021-06-08,2022-06-08,5,365.0
1320210006,2021-06-08,2022-06-08,4,365.0
1320220001,2022-08-01,2023-08-01,5,365.0
1320220002,2022-08-01,2023-08-01,4,365.0
1320220003,2022-08-01,2023-08-01,5,365.0
1320220004,2022-08-01,2023-08-01,3,365.0
1320220005,2022-08-01,2023-08-01,5,365.0
1320220006,2022-08-01,2023-08-01,4,365.0
1420180001,2018-08-01,2019-08-01,4,365.0
1320200001,2020-11-17,2021-11-17,8,365.0
1320190007,2019-08-01,2020-07-31,5,365.0
1320170020,2018-01-03,2019-01-03,3,365.0
1320190006,2019-08-01,2020-07-31,5,365.0
1320170021,2018-01-03,2019-01-03,3,365.0
1320170022,2018-01-03,2019-01-03,3,365.0
1320170023,2018-01-03,2019-01-03,4,365.0
1320170024,2018-01-03,2019-01-03,5,365.0
1320170025,2018-01-03,2019-01-03,5,365.0
1320180003,2018-09-03,2019-09-03,3,365.0
1320180004,2018-09-03,2019-09-03,4,365.0
1320180005,2018-10-01,2019-10-01,5,365.0
1320180006,2018-10-01,2019-10-01,3,365.0
1320180007,2018-10-01,2019-10-01,3,365.0
1320190001,2019-08-01,2020-07-31,3,365.0
1320190002,2019-08-01,2020-07-31,5,365.0
1320190003,2019-08-01,2020-07-31,4,365.0
1320190004,2019-08-01,2020-07-31,3,365.0
1320190005,2019-08-01,2020-07-31,5,365.0
1620140007,2014-09-08,2015-09-08,5,365.0
1620140009,2014-09-08,2015-09-08,2,365.0
2220130008,2013-10-07,2014-10-07,3,365.0
1720150008,2015-07-10,2016-07-09,4,365.0
1720150001,2015-07-01,2016-06-30,5,365.0
1720150002,2015-07-01,2016-06-30,3,365.0
1720150003,2015-07-01,2016-06-30,3,365.0
1720150004,2015-07-01,2016-06-30,2,365.0
1720150005,2015-07-10,2016-07-09,3,365.0
1720150006,2015-07-10,2016-07-09,3,365.0
1720150007,2015-07-10,2016-07-09,3,365.0
1720150009,2015-07-01,2016-06-30,5,365.0
1620140010,2014-09-08,2015-09-08,2,365.0
1720150010,2015-07-01,2016-06-30,3,365.0
1720150011,2015-07-01,2016-06-30,4,365.0
1720150012,2015-07-01,2016-06-30,5,365.0
1720150041,2015-08-01,2016-07-31,5,365.0
1720150042,2015-08-01,2016-07-31,4,365.0
1720150043,2015-08-01,2016-07-31,4,365.0
1720150060,2016-02-01,2017-01-31,5,365.0
1720140028,2014-12-01,2015-12-01,3,365.0
1720140027,2014-12-01,2015-12-01,2,365.0
1720140026,2014-12-01,2015-12-01,3,365.0
1720140025,2014-12-01,2015-12-01,3,365.0
1720140010,2014-08-01,2015-08-01,4,365.0
1720140011,2014-08-01,2015-08-01,3,365.0
1720140012,2014-08-01,2015-08-01,4,365.0
1720140013,2014-08-01,2015-08-01,3,365.0
1720140014,2014-08-01,2015-08-01,3,365.0
1720140015,2014-08-01,2015-08-01,3,365.0
1720140016,2014-08-01,2015-08-01,4,365.0
1720140017,2014-08-01,2015-08-01,3,365.0
1720140018,2014-08-01,2015-08-01,3,365.0
1720140019,2014-08-01,2015-08-01,3,365.0
1720140020,2014-08-01,2015-08-01,2,365.0
1720140021,2014-12-01,2015-12-01,5,365.0
1720140022,2014-12-01,2015-12-01,2,365.0
1720140023,2014-12-01,2015-12-01,2,365.0
1720140024,2014-12-01,2015-12-01,3,365.0
1720150061,2016-02-01,2017-01-31,3,365.0
1720150062,2016-02-01,2017-01-31,3,365.0
1720150063,2016-02-01,2017-01-31,3,365.0
1720170003,2017-08-07,2018-08-07,4,365.0
1720170005,2017-08-07,2018-08-07,5,365.0
1720170006,2017-08-07,2018-08-07,2,365.0
1720170007,2017-08-07,2018-08-07,4,365.0
1720170008,2017-08-01,2018-08-01,4,365.0
1720170009,2017-08-01,2018-08-01,3,365.0
1720170010,2017-08-07,2018-08-07,5,365.0
1720170011,2017-08-07,2018-08-07,3,365.0
1720170012,2017-10-02,2018-10-02,2,365.0
1720170013,2017-10-02,2018-10-02,3,365.0
1720170014,2017-10-02,2018-10-02,5,365.0
1720170030,2018-01-03,2019-01-03,5,365.0
1720170031,2018-01-03,2019-01-03,4,365.0
1720170032,2018-01-03,2019-01-03,4,365.0
1720170033,2018-01-03,2019-01-03,5,365.0
1720170034,2018-01-03,2019-01-03,4,365.0
1720170004,2017-08-07,2018-08-07,3,365.0
1720170002,2017-05-30,2018-05-30,3,365.0
1720150064,2016-02-01,2017-01-31,3,365.0
1720170001,2017-05-30,2018-05-30,3,365.0
1720150065,2016-02-01,2017-01-31,3,365.0
1720150066,2016-02-01,2017-01-31,3,365.0
1720150067,2016-02-01,2017-01-31,3,365.0
1720160025,2016-08-01,2017-08-01,4,365.0
1720160026,2016-08-01,2017-08-01,2,365.0
1720160027,2016-08-01,2017-08-01,2,365.0
1720160028,2016-08-01,2017-08-01,2,365.0
1720160029,2016-08-01,2017-08-01,2,365.0
1720160030,2016-08-01,2017-08-01,3,365.0
1720160031,2016-08-01,2017-08-01,3,365.0
1720160032,2016-08-01,2017-08-01,3,365.0
1720160037,2016-08-08,2017-08-08,3,365.0
1720160038,2016-08-08,2017-08-08,2,365.0
1720160039,2016-08-08,2017-08-08,3,365.0
1720160040,2016-08-08,2017-08-08,2,365.0
1720140009,2014-08-01,2015-08-01,4,365.0
1720140008,2014-08-01,2015-08-01,2,365.0
1720140007,2014-08-01,2015-08-01,4,365.0
1620180001,2018-06-01,2019-06-01,5,365.0
1620180003,2018-06-01,2019-06-01,3,365.0
1620180004,2018-06-01,2019-06-01,5,365.0
1620180005,2018-06-01,2019-06-01,3,365.0
1620180006,2018-06-01,2019-06-01,4,365.0
1620190001,2019-05-15,2020-05-14,5,365.0
1620190002,2019-05-15,2020-05-14,4,365.0
1620190005,2019-08-01,2020-07-31,6,365.0
1620190006,2019-08-01,2020-07-31,4,365.0
1620200001,2020-11-11,2021-11-11,5,365.0
1620200002,2020-11-11,2021-11-11,3,365.0
1620210001,2021-07-01,2022-07-01,3,365.0
1620210002,2021-07-01,2022-07-01,3,365.0
1620210003,2021-07-01,2022-07-01,3,365.0
1620210004,2021-07-01,2022-07-01,3,365.0
1620220001,2022-08-02,2023-08-02,5,365.0
1620180002,2018-06-01,2019-06-01,3,365.0
1620170013,2018-01-06,2019-01-06,4,365.0
1720120029,2013-01-25,2014-01-25,2,365.0
1620170012,2018-01-06,2019-01-06,4,365.0
1620150001,2015-08-01,2016-07-31,2,365.0
1620150002,2015-08-01,2016-07-31,3,365.0
1620150003,2015-08-01,2016-07-31,3,365.0
1620150004,2015-08-01,2016-07-31,4,365.0
1620170001,2017-06-01,2018-06-01,3,365.0
1620170002,2017-06-01,2018-06-01,4,365.0
1620170003,2017-06-01,2018-06-01,3,365.0
1620170004,2017-09-01,2018-09-01,4,365.0
1620170005,2017-09-01,2018-09-01,5,365.0
1620170006,2017-09-01,2018-09-01,4,365.0
1620170007,2017-09-01,2018-09-01,3,365.0
1620170008,2018-01-15,2019-01-15,4,365.0
1620170009,2018-01-15,2019-01-15,4,365.0
1620170010,2018-01-11,2019-01-11,4,365.0
1620170011,2018-01-11,2019-01-11,4,365.0
1620220002,2022-08-02,2023-08-02,3,365.0
1720120030,2013-01-25,2014-01-25,5,365.0
1720140006,2014-08-01,2015-08-01,4,365.0
1720130013,2013-09-02,2014-09-02,3,365.0
1720130015,2013-09-02,2014-09-02,4,365.0
1720130016,2013-09-02,2014-09-02,5,365.0
1720130017,2013-09-02,2014-09-02,3,365.0
1720130018,2013-09-02,2014-09-02,5,365.0
1720130019,2013-09-02,2014-09-02,3,365.0
1720130020,2013-09-02,2014-09-02,2,365.0
1720130021,2013-09-02,2014-09-02,4,365.0
1720130022,2013-09-02,2014-09-02,4,365.0
1720130023,2013-09-02,2014-09-02,2,365.0
1720130024,2013-09-02,2014-09-02,4,365.0
1720140001,2014-08-01,2015-08-01,3,365.0
1720140002,2014-08-01,2015-08-01,5,365.0
1720140003,2014-08-01,2015-08-01,3,365.0
1720140004,2014-08-01,2015-08-01,2,365.0
1720140005,2014-08-01,2015-08-01,2,365.0
1720130014,2013-09-02,2014-09-02,5,365.0
1720130012,2013-09-02,2014-09-02,3,365.0
1720120031,2013-01-25,2014-01-25,2,365.0
1720130011,2013-09-02,2014-09-02,2,365.0
1720120032,2013-01-25,2014-01-25,3,365.0
1720120033,2013-01-25,2014-01-25,3,365.0
1720120034,2013-01-25,2014-01-25,2,365.0
1720120035,2013-01-25,2014-01-25,3,365.0
1720120036,2013-01-25,2014-01-25,3,365.0
1720130001,2013-09-02,2014-09-02,5,365.0
1720130002,2013-09-02,2014-09-02,3,365.0
1720130003,2013-09-02,2014-09-02,4,365.0
1720130004,2013-09-02,2014-09-02,3,365.0
1720130005,2013-09-02,2014-09-02,4,365.0
1720130006,2013-09-02,2014-09-02,2,365.0
1720130007,2013-09-02,2014-09-02,2,365.0
1720130008,2013-09-02,2014-09-02,3,365.0
1720130009,2013-09-02,2014-09-02,5,365.0
1720130010,2013-09-02,2014-09-02,5,365.0
1320140006,2014-07-22,2015-07-22,3,365.0
1320140005,2014-07-22,2015-07-22,5,365.0
1320140004,2014-07-22,2015-07-22,3,365.0
1020170016,2017-08-16,2018-08-16,2,365.0
1020170009,2017-08-16,2018-08-16,2,365.0
1020170010,2017-08-16,2018-08-16,2,365.0
1020170011,2017-08-16,2018-08-16,5,365.0
1020170012,2017-08-16,2018-08-16,3,365.0
1020170013,2017-08-16,2018-08-16,3,365.0
1020170014,2017-08-16,2018-08-16,3,365.0
1020170015,2017-08-16,2018-08-16,3,365.0
1020170017,2017-08-16,2018-08-16,5,365.0
1320140003,2014-07-22,2015-07-22,5,365.0
1020170018,2017-09-11,2018-09-11,4,365.0
1020170019,2017-09-11,2018-09-11,2,365.0
1020170020,2017-09-11,2018-09-11,2,365.0
1020180003,2018-09-01,2019-09-01,5,365.0
1020180004,2018-09-01,2019-09-01,4,365.0
1020180005,2018-09-01,2019-09-01,5,365.0
1020180006,2018-09-01,2019-09-01,3,365.0
1020170008,2017-08-16,2018-08-16,3,365.0
1020170007,2017-08-16,2018-08-16,2,365.0
1020170006,2017-08-16,2018-08-16,3,365.0
1020170005,2017-08-16,2018-08-16,4,365.0
1020160054,2016-08-01,2017-08-01,3,365.0
1020160055,2016-08-01,2017-08-01,2,365.0
1020160056,2016-08-01,2017-08-01,2,365.0
1020160057,2016-08-01,2017-08-01,2,365.0
1020160058,2016-08-01,2017-08-01,3,365.0
1020160059,2016-08-01,2017-08-01,3,365.0
1020160060,2016-08-01,2017-08-01,3,365.0
1020160061,2016-08-01,2017-08-01,2,365.0
1020160062,2016-08-01,2017-08-01,2,365.0
1020160063,2016-08-01,2017-08-01,3,365.0
1020160064,2016-08-01,2017-08-01,2,365.0
1020170001,2017-08-16,2018-08-16,3,365.0
1020170002,2017-08-16,2018-08-16,3,365.0
1020170003,2017-08-16,2018-08-16,3,365.0
1020170004,2017-08-16,2018-08-16,3,365.0
1020180007,2018-09-01,2019-09-01,4,365.0
1020180008,2018-09-01,2019-09-01,4,365.0
1020180009,2018-09-01,2019-09-01,5,365.0
1020200006,2020-12-15,2021-12-15,4,365.0
1020200008,2020-12-15,2021-12-15,3,365.0
1020200009,2020-12-15,2021-12-15,5,365.0
1020200010,2020-12-15,2021-12-15,8,365.0
1020200011,2020-12-15,2021-12-15,5,365.0
1020200012,2020-12-15,2021-12-15,4,365.0
1020200013,2020-12-15,2021-12-15,3,365.0
1020200014,2020-12-15,2021-12-15,4,365.0
1020200015,2020-12-15,2021-12-15,5,365.0
1020200016,2020-12-15,2021-12-15,5,365.0
1020200017,2020-12-15,2021-12-15,5,365.0
1020200018,2020-12-15,2021-12-15,5,365.0
1020200019,2020-12-15,2021-12-15,4,365.0
1020200020,2020-12-15,2021-12-15,5,365.0
1020200021,2020-12-15,2021-12-15,4,365.0
1020200022,2020-12-15,2021-12-15,5,365.0
1020200007,2020-12-15,2021-12-15,3,365.0
1020200005,2020-12-15,2021-12-15,3,365.0
1020180010,2018-09-01,2019-09-01,4,365.0
1020200004,2020-12-15,2021-12-15,4,365.0
1020180011,2018-09-01,2019-09-01,5,365.0
1020180012,2018-09-01,2019-09-01,4,365.0
1020190012,2019-08-01,2020-07-31,6,365.0
1020190013,2019-08-01,2020-07-31,5,365.0
1020190014,2019-08-01,2020-07-31,6,365.0
1020190015,2019-08-01,2020-07-31,4,365.0
1020190016,2019-08-01,2020-07-31,6,365.0
1020190017,2019-08-01,2020-07-31,6,365.0
1020190018,2019-08-01,2020-07-31,3,365.0
1020190019,2019-08-01,2020-07-31,6,365.0
1020190020,2019-08-01,2020-07-31,6,365.0
1020190021,2019-08-01,2020-07-31,5,365.0
1020200001,2020-12-15,2021-12-15,8,365.0
1020200002,2020-12-19,2021-12-19,6,365.0
1020200003,2020-12-16,2021-12-16,6,365.0
1020160053,2016-08-01,2017-08-01,2,365.0
1020150056,2016-03-01,2017-03-01,3,365.0
1020150055,2016-03-01,2017-03-01,5,365.0
1020130012,2013-09-16,2014-09-16,3,365.0
1020130014,2013-09-16,2014-09-16,5,365.0
1020130015,2013-09-16,2014-09-16,3,365.0
1020130016,2013-09-16,2014-09-16,3,365.0
1020130017,2013-09-16,2014-09-16,4,365.0
1020130018,2013-11-01,2014-11-01,3,365.0
1020130019,2013-11-01,2014-11-01,4,365.0
1020130020,2013-11-01,2014-11-01,4,365.0
1020140001,2014-08-01,2015-08-01,2,365.0
1020140002,2014-08-01,2015-08-01,2,365.0
1020140003,2014-08-01,2015-08-01,4,365.0
1020140004,2014-08-01,2015-08-01,2,365.0
1020140005,2014-08-01,2015-08-01,2,365.0
1020140006,2014-08-01,2015-08-01,4,365.0
1020140007,2014-08-01,2015-08-01,2,365.0
1020140008,2014-08-01,2015-08-01,3,365.0
1020130013,2013-09-16,2014-09-16,5,365.0
1020130011,2013-09-16,2014-09-16,3,365.0
1020140010,2014-12-03,2015-12-03,3,365.0
1020130010,2013-09-16,2014-09-16,4,365.0
1020120029,2013-02-09,2014-02-09,2,365.0
1020120030,2013-02-09,2014-02-09,3,365.0
1020120031,2013-02-09,2014-02-09,5,365.0
1020120032,2013-02-09,2014-02-09,2,365.0
1020120033,2013-02-09,2014-02-09,5,365.0
1020120034,2013-02-09,2014-02-09,2,365.0
1020120035,2013-02-09,2014-02-09,3,365.0
1020120036,2013-02-09,2014-02-09,2,365.0
1020120037,2013-02-09,2014-02-09,2,365.0
1020120038,2013-02-09,2014-02-09,2,365.0
1020130005,2013-09-16,2014-09-16,5,365.0
1020130006,2013-09-16,2014-09-16,3,365.0
1020130007,2013-09-16,2014-09-16,5,365.0
1020130008,2013-09-16,2014-09-16,5,365.0
1020130009,2013-09-16,2014-09-16,5,365.0
1020140009,2014-12-03,2015-12-03,3,365.0
1020140011,2014-12-03,2015-12-03,2,365.0
1020150054,2016-03-01,2017-03-01,5,365.0
1020150013,2015-08-01,2016-07-31,3,365.0
1020150015,2015-08-01,2016-07-31,3,365.0
1020150016,2015-08-01,2016-07-31,3,365.0
1020150041,2016-03-01,2017-03-01,5,365.0
1020150042,2016-03-01,2017-03-01,3,365.0
1020150043,2016-03-01,2017-03-01,5,365.0
1020150044,2016-03-01,2017-03-01,5,365.0
1020150045,2016-03-01,2017-03-01,5,365.0
1020150046,2016-03-01,2017-03-01,4,365.0
1020150047,2016-03-01,2017-03-01,5,365.0
1020150048,2016-03-01,2017-03-01,5,365.0
1020150049,2016-03-01,2017-03-01,3,365.0
1020150050,2016-03-01,2017-03-01,3,365.0
1020150051,2016-03-01,2017-03-01,4,365.0
1020150052,2016-03-01,2017-03-01,4,365.0
1020150053,2016-03-01,2017-03-01,3,365.0
1020150014,2015-08-01,2016-07-31,3,365.0
1020150012,2015-08-01,2016-07-31,2,365.0
1020140012,2014-12-03,2015-12-03,3,365.0
1020150011,2015-08-01,2016-07-31,3,365.0
1020140013,2014-12-03,2015-12-03,2,365.0
1020140014,2014-12-03,2015-12-03,3,365.0
1020140015,2014-12-03,2015-12-03,2,365.0
1020140016,2014-12-03,2015-12-03,3,365.0
1020140017,2014-12-03,2015-12-03,3,365.0
1020150001,2015-08-01,2016-07-31,2,365.0
1020150002,2015-08-01,2016-07-31,2,365.0
1020150003,2015-08-01,2016-07-31,2,365.0
1020150004,2015-08-01,2016-07-31,2,365.0
1020150005,2015-08-01,2016-07-31,3,365.0
1020150006,2015-08-01,2016-07-31,2,365.0
1020150007,2015-08-01,2016-07-31,2,365.0
1020150008,2015-08-01,2016-07-31,2,365.0
1020150009,2015-08-01,2016-07-31,2,365.0
1020150010,2015-08-01,2016-07-31,3,365.0
1020210001,2021-09-01,2022-09-01,3,365.0
1020210002,2021-09-01,2022-09-01,3,365.0
1020210003,2021-09-01,2022-09-01,4,365.0
1220170003,2017-11-01,2018-11-01,2,365.0
1220170005,2017-11-01,2018-11-01,3,365.0
1220170006,2017-11-01,2018-11-01,3,365.0
1220180001,2018-10-22,2019-10-22,2,365.0
1220180002,2018-10-22,2019-10-22,3,365.0
1220180003,2018-10-22,2019-10-22,2,365.0
1220180004,2018-10-22,2019-10-22,3,365.0
1220180005,2018-10-26,2019-10-26,2,365.0
1220180006,2018-10-26,2019-10-26,2,365.0
1220180007,2018-10-26,2019-10-26,3,365.0
1220180008,2018-10-26,2019-10-26,4,365.0
1220180009,2018-10-26,2019-10-26,3,365.0
1220180010,2018-10-26,2019-10-26,2,365.0
1220180011,2018-10-26,2019-10-26,2,365.0
1220180012,2018-10-26,2019-10-26,5,365.0
1220190001,2019-11-01,2020-10-31,3,365.0
1220170004,2017-11-01,2018-11-01,3,365.0
1220170002,2017-11-01,2018-11-01,3,365.0
1220190003,2019-11-01,2020-10-31,5,365.0
1220170001,2017-11-01,2018-11-01,3,365.0
1220150018,2015-09-01,2016-08-31,2,365.0
1220150019,2015-09-01,2016-08-31,5,365.0
1220150020,2015-09-01,2016-08-31,2,365.0
1220160006,2016-11-07,2017-11-07,5,365.0
1220160007,2016-11-07,2017-11-07,2,365.0
1220160008,2016-11-07,2017-11-07,5,365.0
1220160009,2016-11-07,2017-11-07,2,365.0
1220160010,2016-11-07,2017-11-07,4,365.0
1220160011,2016-11-07,2017-11-07,3,365.0
1220160012,2016-11-07,2017-11-07,3,365.0
1220160013,2016-11-07,2017-11-07,3,365.0
1220160014,2016-11-07,2017-11-07,3,365.0
1220160015,2016-11-07,2017-11-07,2,365.0
1220160016,2016-11-07,2017-11-07,3,365.0
1220160017,2016-11-07,2017-11-07,3,365.0
1220190002,2019-11-01,2020-10-31,2,365.0
1220190004,2019-11-01,2020-10-31,3,365.0
1220150016,2015-09-01,2016-08-31,2,365.0
1220210003,2021-08-25,2022-08-25,6,365.0
1220220001,2022-08-01,2023-08-01,5,365.0
1220220002,2022-08-01,2023-08-01,5,365.0
1220220003,2022-08-01,2023-08-01,3,365.0
1220220004,2022-08-01,2023-08-01,3,365.0
1320130001,2013-09-09,2014-09-09,3,365.0
1320130002,2013-09-09,2014-09-09,2,365.0
1320130003,2013-09-09,2014-09-09,2,365.0
1320130004,2013-09-09,2014-09-09,2,365.0
1320130005,2013-09-09,2014-09-09,3,365.0
1320130006,2013-09-09,2014-09-09,3,365.0
1320130007,2013-09-09,2014-09-09,4,365.0
1320130008,2013-09-09,2014-09-09,4,365.0
1320130009,2013-09-09,2014-09-09,2,365.0
1320140001,2014-07-22,2015-07-22,3,365.0
1320140002,2014-07-22,2015-07-22,2,365.0
1220210004,2021-08-25,2022-08-25,5,365.0
1220210002,2021-08-02,2022-08-02,6,365.0
1220190005,2019-11-01,2020-10-31,4,365.0
1220210001,2021-08-02,2022-08-02,4,365.0
1220190006,2019-11-01,2020-10-31,5,365.0
1220190007,2019-11-01,2020-10-31,5,365.0
1220190008,2019-11-01,2020-10-31,3,365.0
1220190009,2019-11-01,2020-10-31,2,365.0
1220190010,2019-11-01,2020-10-31,3,365.0
1220190011,2019-11-01,2020-10-31,2,365.0
1220190012,2019-11-01,2020-10-31,2,365.0
1220190013,2019-11-01,2020-10-31,4,365.0
1220190014,2019-11-01,2020-10-31,3,365.0
1220200001,2020-12-14,2021-12-14,4,365.0
1220200002,2020-12-14,2021-12-14,5,365.0
1220200003,2020-12-14,2021-12-14,3,365.0
1220200004,2020-12-14,2021-12-14,8,365.0
1220200005,2020-12-14,2021-12-14,6,365.0
1220200006,2020-12-14,2021-12-14,5,365.0
1220150017,2015-09-01,2016-08-31,3,365.0
1220150015,2015-09-01,2016-08-31,3,365.0
1020210004,2021-09-01,2022-09-01,3,365.0
1120150023,2016-04-01,2017-04-01,2,365.0
1120150025,2016-04-01,2017-04-01,5,365.0
1120170001,2017-09-01,2018-09-01,6,365.0
1120170002,2017-09-01,2018-09-01,5,365.0
1120170003,2017-09-01,2018-09-01,5,365.0
1120170004,2017-09-01,2018-09-01,4,365.0
1120180001,2018-06-01,2019-06-01,4,365.0
1120180002,2018-06-01,2019-06-01,4,365.0
1120180008,2018-08-01,2019-08-01,4,365.0
1120180009,2018-08-01,2019-08-01,3,365.0
1120180010,2018-08-01,2019-08-01,4,365.0
1120180011,2018-08-01,2019-08-01,5,365.0
1120190001,2019-11-02,2020-11-01,5,365.0
1120190002,2019-11-02,2020-11-01,4,365.0
1120210001,2021-07-01,2022-07-01,4,365.0
1120210002,2021-07-01,2022-07-01,5,365.0
1120150024,2016-04-01,2017-04-01,2,365.0
1120150022,2016-04-01,2017-04-01,4,365.0
1120220006,2022-08-01,2023-08-01,5,365.0
1120150004,2015-10-01,2016-09-30,4,365.0
1020210005,2021-09-01,2022-09-01,4,365.0
1020210006,2021-09-01,2022-09-01,4,365.0
1020210007,2021-09-01,2022-09-01,5,365.0
1020210008,2021-09-01,2022-09-01,5,365.0
1020210009,2021-09-01,2022-09-01,3,365.0
1020210010,2021-09-01,2022-09-01,5,365.0
1120140001,2014-08-01,2015-08-01,2,365.0
1120140002,2014-08-01,2015-08-01,2,365.0
1120140003,2014-08-01,2015-08-01,2,365.0
1120140004,2014-08-01,2015-08-01,2,365.0
1120140005,2014-08-01,2015-08-01,2,365.0
1120140006,2014-08-01,2015-08-01,2,365.0
1120150001,2015-10-01,2016-09-30,2,365.0
1120150002,2015-10-01,2016-09-30,3,365.0
1120150003,2015-10-01,2016-09-30,3,365.0
1120220005,2022-08-01,2023-08-01,6,365.0
1220130001,2013-10-24,2014-10-24,4,365.0
1220150014,2015-09-01,2016-08-31,5,365.0
1220140012,2014-08-14,2015-08-14,2,365.0
1220140014,2014-08-28,2015-08-28,3,365.0
1220140015,2014-08-14,2015-08-14,2,365.0
1220150001,2015-09-01,2016-08-31,2,365.0
1220150002,2015-09-01,2016-08-31,5,365.0
1220150003,2015-09-01,2016-08-31,2,365.0
1220150004,2015-09-01,2016-08-31,4,365.0
1220150005,2015-09-01,2016-08-31,4,365.0
1220150006,2015-09-01,2016-08-31,5,365.0
1220150007,2015-09-01,2016-08-31,5,365.0
1220150008,2015-09-01,2016-08-31,2,365.0
1220150009,2015-09-01,2016-08-31,3,365.0
1220150010,2015-09-01,2016-08-31,3,365.0
1220150011,2015-09-01,2016-08-31,3,365.0
1220150012,2015-09-01,2016-08-31,5,365.0
1220150013,2015-09-01,2016-08-31,3,365.0
1220140013,2014-08-18,2015-08-18,5,365.0
1220140011,2014-08-14,2015-08-14,5,365.0
1220130002,2013-10-24,2014-10-24,3,365.0
1220140010,2014-08-14,2015-08-14,2,365.0
1220130003,2013-10-24,2014-10-24,3,365.0
1220130004,2013-10-24,2014-10-24,2,365.0
1220130005,2013-10-24,2014-10-24,4,365.0
1220130006,2013-10-24,2014-10-24,4,365.0
1220130007,2013-10-24,2014-10-24,2,365.0
1220130008,2013-10-24,2014-10-24,3,365.0
1220130009,2013-10-24,2014-10-24,3,365.0
1220130010,2013-10-24,2014-10-24,3,365.0
1220130011,2013-10-24,2014-10-24,3,365.0
1220140004,2014-08-18,2015-08-18,3,365.0
1220140005,2014-08-18,2015-08-18,3,365.0
1220140006,2014-08-18,2015-08-18,4,365.0
1220140007,2014-08-28,2015-08-28,4,365.0
1220140008,2014-08-28,2015-08-28,3,365.0
1220140009,2014-08-28,2015-08-28,2,365.0
1720170035,2018-01-03,2019-01-03,5,365.0
1720170036,2018-01-02,2019-01-02,4,365.0
1720170037,2018-01-02,2019-01-02,5,365.0
2020210028,2021-08-04,2022-08-04,3,365.0
2020210021,2021-08-02,2022-08-02,5,365.0
2020210022,2021-09-13,2022-09-13,4,365.0
2020210023,2021-09-13,2022-09-13,4,365.0
2020210024,2021-08-02,2022-08-02,5,365.0
2020210025,2021-08-04,2022-08-04,4,365.0
2020210026,2021-08-04,2022-08-04,5,365.0
2020210027,2021-08-04,2022-08-04,3,365.0
2020220002,2022-08-15,2023-08-15,3,365.0
2020160032,2016-09-22,2017-09-22,2,365.0
2020220003,2022-08-15,2023-08-15,3,365.0
2020220004,2022-08-01,2023-08-01,3,365.0
2020220005,2022-08-01,2023-08-01,3,365.0
2020220006,2022-08-01,2023-08-01,3,365.0
2020220007,2022-08-01,2023-08-01,4,365.0
2020220008,2022-08-01,2023-08-01,4,365.0
2020220009,2022-08-01,2023-08-01,5,365.0
2020210020,2021-08-02,2022-08-02,5,365.0
2020210019,2021-08-02,2022-08-02,4,365.0
2020210018,2021-08-02,2022-08-02,5,365.0
2020210017,2021-08-02,2022-08-02,5,365.0
2020210002,2021-08-02,2022-08-02,4,365.0
2020210003,2021-08-02,2022-08-02,5,365.0
2020210004,2021-08-02,2022-08-02,4,365.0
2020210005,2021-08-02,2022-08-02,5,365.0
2020210006,2021-08-02,2022-08-02,4,365.0
2020210007,2021-08-02,2022-08-02,6,365.0
2020210008,2021-08-02,2022-08-02,3,365.0
2020210009,2021-08-02,2022-08-02,3,365.0
2020210010,2021-08-02,2022-08-02,4,365.0
2020210011,2021-08-02,2022-08-02,4,365.0
2020210012,2021-08-02,2022-08-02,5,365.0
2020210013,2021-08-04,2022-08-04,3,365.0
2020210014,2021-08-04,2022-08-04,4,365.0
2020210015,2021-08-02,2022-08-02,5,365.0
2020210016,2021-08-02,2022-08-02,3,365.0
2120150001,2015-07-06,2016-07-05,4,365.0
2120150002,2015-07-06,2016-07-05,4,365.0
2120150003,2015-07-06,2016-07-05,3,365.0
220130005,2013-09-05,2014-09-05,4,365.0
220130007,2013-09-05,2014-09-05,5,365.0
220130008,2013-09-05,2014-09-05,3,365.0
220130009,2013-09-05,2014-09-05,3,365.0
220130010,2013-09-05,2014-09-05,2,365.0
220130011,2013-09-05,2014-09-05,5,365.0
220130012,2013-09-05,2014-09-05,3,365.0
220130013,2013-09-05,2014-09-05,4,365.0
220130014,2013-09-05,2014-09-05,4,365.0
220130015,2014-02-07,2015-02-07,2,365.0
220130016,2014-02-07,2015-02-07,3,365.0
220130017,2014-02-07,2015-02-07,5,365.0
220130018,2014-02-07,2015-02-07,4,365.0
220130019,2014-02-07,2015-02-07,3,365.0
220130020,2014-02-07,2015-02-07,4,365.0
220130021,2014-02-07,2015-02-07,2,365.0
220130006,2013-09-05,2014-09-05,5,365.0
220130004,2013-09-05,2014-09-05,5,365.0
2120170007,2017-06-02,2018-06-02,4,365.0
2120220006,2022-09-01,2023-09-01,3,365.0
2120170008,2017-06-02,2018-06-02,4,365.0
2120170009,2017-06-02,2018-06-02,4,365.0
2120170010,2017-06-02,2018-06-02,5,365.0
2120170011,2017-06-02,2018-06-02,4,365.0
2120170012,2017-06-02,2018-06-02,4,365.0
2120170013,2017-08-01,2018-08-01,3,365.0
2120170014,2017-08-01,2018-08-01,4,365.0
2120170015,2017-08-01,2018-08-01,3,365.0
2120180001,2018-09-01,2019-09-01,5,365.0
2120180002,2018-09-01,2019-09-01,5,365.0
2120190005,2019-08-01,2020-07-31,5,365.0
2120190006,2019-08-01,2020-07-31,4,365.0
2120220003,2022-09-01,2023-09-01,3,365.0
2120220004,2022-09-01,2023-09-01,6,365.0
2120220005,2022-09-01,2023-09-01,5,365.0
2020210001,2021-08-02,2022-08-02,4,365.0
2020200018,2021-01-25,2022-01-25,3,365.0
2020200017,2021-01-25,2022-01-25,5,365.0
2020170016,2017-09-15,2018-09-15,2,365.0
2020170018,2017-09-15,2018-09-15,3,365.0
2020170019,2017-09-15,2018-09-15,2,365.0
2020170020,2017-09-15,2018-09-15,3,365.0
2020170021,2017-09-15,2018-09-15,2,365.0
2020170022,2017-09-15,2018-09-15,3,365.0
2020170023,2017-09-15,2018-09-15,3,365.0
2020170024,2017-09-15,2018-09-15,2,365.0
2020170025,2017-09-15,2018-09-15,2,365.0
2020170026,2017-09-15,2018-09-15,3,365.0
2020170027,2017-09-15,2018-09-15,3,365.0
2020180001,2018-06-15,2019-06-15,3,365.0
2020180002,2018-06-15,2019-06-15,3,365.0
2020180003,2018-06-15,2019-06-15,3,365.0
2020180004,2018-06-11,2019-06-11,2,365.0
2020180005,2018-06-11,2019-06-11,2,365.0
2020170017,2017-09-15,2018-09-15,3,365.0
2020170015,2017-09-15,2018-09-15,2,365.0
2020180007,2018-06-11,2019-06-11,2,365.0
2020170014,2017-09-15,2018-09-15,2,365.0
2020160034,2016-09-22,2017-09-22,3,365.0
2020160035,2016-09-22,2017-09-22,3,365.0
2020170001,2017-09-15,2018-09-15,5,365.0
2020170002,2017-09-15,2018-09-15,2,365.0
2020170003,2017-09-15,2018-09-15,4,365.0
2020170004,2017-10-01,2018-10-01,3,365.0
2020170005,2017-10-01,2018-10-01,3,365.0
2020170006,2017-10-01,2018-10-01,2,365.0
2020170007,2017-10-01,2018-10-01,3,365.0
2020170008,2017-10-01,2018-10-01,3,365.0
2020170009,2017-10-01,2018-10-01,3,365.0
2020170010,2017-10-01,2018-10-01,2,365.0
2020170011,2017-10-01,2018-10-01,3,365.0
2020170012,2017-09-15,2018-09-15,3,365.0
2020170013,2017-09-15,2018-09-15,3,365.0
2020180006,2018-06-11,2019-06-11,2,365.0
2020180013,2018-08-06,2019-08-06,3,365.0
2020200016,2021-01-16,2022-01-16,3,365.0
2020190007,2019-08-12,2020-08-11,4,365.0
2020200001,2020-11-23,2021-11-23,8,365.0
2020200002,2020-11-27,2021-11-27,6,365.0
2020200003,2020-12-07,2021-12-07,8,365.0
2020200004,2020-11-24,2021-11-24,6,365.0
2020200005,2020-12-01,2021-12-01,7,365.0
2020200006,2020-12-07,2021-12-07,8,365.0
2020200007,2021-01-16,2022-01-16,3,365.0
2020200008,2021-01-16,2022-01-16,3,365.0
2020200009,2021-02-08,2022-02-08,5,365.0
2020200010,2021-02-08,2022-02-08,4,365.0
2020200011,2021-01-16,2022-01-16,5,365.0
2020200012,2021-01-16,2022-01-16,3,365.0
2020200013,2021-01-16,2022-01-16,5,365.0
2020200014,2021-01-16,2022-01-16,3,365.0
2020200015,2021-01-16,2022-01-16,4,365.0
2020190008,2019-08-12,2020-08-11,4,365.0
2020190006,2019-08-01,2020-07-31,3,365.0
2020180014,2018-08-06,2019-08-06,2,365.0
2020190005,2019-08-01,2020-07-31,3,365.0
2020180015,2018-08-06,2019-08-06,3,365.0
2020180016,2018-08-06,2019-08-06,3,365.0
2020180017,2018-08-06,2019-08-06,2,365.0
2020180018,2018-08-06,2019-08-06,2,365.0
2020180019,2018-08-06,2019-08-06,2,365.0
2020180020,2018-08-28,2019-08-28,2,365.0
2020180021,2018-08-28,2019-08-28,2,365.0
2020180022,2018-08-28,2019-08-28,2,365.0
2020180023,2018-08-28,2019-08-28,2,365.0
2020180024,2018-09-01,2019-09-01,3,365.0
2020180025,2018-09-01,2019-09-01,2,365.0
2020180026,2018-09-01,2019-09-01,2,365.0
2020180027,2018-09-01,2019-09-01,3,365.0
2020190003,2019-08-01,2020-07-31,5,365.0
2020190004,2019-08-01,2020-07-31,4,365.0
220130022,2014-02-07,2015-02-07,5,365.0
220130023,2014-02-07,2015-02-07,3,365.0
220130024,2014-02-07,2015-02-07,5,365.0
220170042,2018-01-30,2019-01-30,3,365.0
220170044,2018-01-30,2019-01-30,5,365.0
220170045,2018-01-30,2019-01-30,5,365.0
220170046,2018-01-30,2019-01-30,4,365.0
220170047,2018-01-30,2019-01-30,3,365.0
220180001,2018-09-01,2019-09-01,5,365.0
220180002,2018-09-01,2019-09-01,4,365.0
220180003,2018-09-01,2019-09-01,5,365.0
220180004,2018-09-01,2019-09-01,5,365.0
220180005,2018-10-01,2019-10-01,5,365.0
220180006,2018-10-01,2019-10-01,5,365.0
220180007,2018-10-01,2019-10-01,4,365.0
220180008,2018-10-01,2019-10-01,5,365.0
220190001,2019-10-01,2020-09-30,3,365.0
220190002,2019-10-01,2020-09-30,4,365.0
220190003,2019-10-01,2020-09-30,4,365.0
220170043,2018-01-30,2019-01-30,5,365.0
220170041,2018-01-30,2019-01-30,5,365.0
220190005,2019-10-01,2020-09-30,4,365.0
220170040,2018-01-30,2019-01-30,5,365.0
220170006,2017-10-01,2018-10-01,2,365.0
220170007,2017-10-01,2018-10-01,2,365.0
220170008,2017-10-01,2018-10-01,3,365.0
220170009,2017-10-01,2018-10-01,3,365.0
220170010,2017-10-01,2018-10-01,2,365.0
220170011,2017-10-01,2018-10-01,2,365.0
220170012,2017-10-01,2018-10-01,3,365.0
220170032,2018-01-30,2019-01-30,2,365.0
220170033,2018-01-30,2019-01-30,4,365.0
220170034,2018-01-30,2019-01-30,3,365.0
220170035,2018-01-30,2019-01-30,4,365.0
220170036,2018-01-30,2019-01-30,4,365.0
220170037,2018-01-30,2019-01-30,5,365.0
220170038,2018-01-30,2019-01-30,3,365.0
220170039,2018-01-30,2019-01-30,4,365.0
220190004,2019-10-01,2020-09-30,6,365.0
220190006,2019-10-01,2020-09-30,6,365.0
220170004,2017-10-01,2018-10-01,3,365.0
220210003,2021-08-01,2022-08-01,3,365.0
220210005,2021-08-01,2022-08-01,5,365.0
220210006,2021-08-01,2022-08-01,5,365.0
220220002,2022-09-01,2023-09-01,5,365.0
220220003,2022-09-01,2023-09-01,4,365.0
220220004,2022-09-01,2023-09-01,3,365.0
220220005,2022-09-01,2023-09-01,5,365.0
220220006,2022-09-01,2023-09-01,4,365.0
220220007,2022-09-01,2023-09-01,4,365.0
2220130001,2013-10-01,2014-10-01,5,365.0
2220130002,2013-10-01,2014-10-01,5,365.0
2220130003,2013-10-01,2014-10-01,4,365.0
2220130004,2013-10-01,2014-10-01,3,365.0
2220130005,2013-10-07,2014-10-07,3,365.0
2220130006,2013-10-07,2014-10-07,3,365.0
2220130007,2013-10-07,2014-10-07,3,365.0
220210004,2021-08-01,2022-08-01,3,365.0
220210002,2021-08-01,2022-08-01,4,365.0
220190007,2019-10-01,2020-09-30,3,365.0
220210001,2021-08-01,2022-08-01,3,365.0
220190008,2019-10-01,2020-09-30,4,365.0
220200001,2020-12-01,2021-12-01,5,365.0
220200002,2020-12-01,2021-12-01,4,365.0
220200003,2020-12-01,2021-12-01,3,365.0
220200004,2020-12-01,2021-12-01,4,365.0
220200005,2020-12-01,2021-12-01,4,365.0
220200006,2020-12-01,2021-12-01,3,365.0
220200007,2020-12-01,2021-12-01,5,365.0
220200008,2020-12-01,2021-12-01,3,365.0
220200009,2020-12-01,2021-12-01,4,365.0
220200010,2020-12-01,2021-12-01,4,365.0
220200011,2020-12-01,2021-12-01,4,365.0
220200012,2020-12-01,2021-12-01,3,365.0
220200013,2020-12-01,2021-12-01,5,365.0
220200014,2020-12-01,2021-12-01,4,365.0
220170005,2017-10-01,2018-10-01,3,365.0
220170003,2017-10-01,2018-10-01,3,365.0
220130025,2014-02-07,2015-02-07,4,365.0
220150007,2015-09-14,2016-09-13,3,365.0
220150013,2015-09-14,2016-09-13,3,365.0
220150014,2015-09-14,2016-09-13,3,365.0
220150015,2015-09-14,2016-09-13,5,365.0
220150016,2015-09-14,2016-09-13,4,365.0
220150025,2015-09-14,2016-09-13,5,365.0
220150026,2015-09-14,2016-09-13,5,365.0
220150027,2015-09-14,2016-09-13,3,365.0
220150028,2015-09-14,2016-09-13,2,365.0
220150029,2015-09-14,2016-09-13,4,365.0
220150030,2015-09-14,2016-09-13,3,365.0
220150031,2015-09-14,2016-09-13,4,365.0
220150032,2015-09-14,2016-09-13,3,365.0
220150033,2015-09-14,2016-09-13,2,365.0
220150034,2015-09-14,2016-09-13,2,365.0
220150035,2015-09-14,2016-09-13,2,365.0
220150008,2015-09-14,2016-09-13,2,365.0
220150006,2015-09-14,2016-09-13,5,365.0
220150037,2015-09-14,2016-09-13,3,365.0
220150005,2015-09-14,2016-09-13,2,365.0
220140001,2014-08-04,2015-08-04,5,365.0
220140002,2014-08-04,2015-08-04,5,365.0
220140003,2014-08-04,2015-08-04,3,365.0
220140004,2014-08-04,2015-08-04,5,365.0
220140005,2014-08-04,2015-08-04,5,365.0
220140006,2014-08-04,2015-08-04,5,365.0
220140007,2014-08-04,2015-08-04,5,365.0
220140008,2014-08-04,2015-08-04,3,365.0
220140009,2014-08-04,2015-08-04,3,365.0
220140010,2014-08-04,2015-08-04,5,365.0
220140011,2014-08-04,2015-08-04,3,365.0
220140012,2014-08-04,2015-08-04,3,365.0
220140013,2014-08-04,2015-08-04,3,365.0
220140014,2014-08-04,2015-08-04,4,365.0
220140015,2014-08-04,2015-08-04,2,365.0
220150036,2015-09-14,2016-09-13,2,365.0
220150038,2015-09-14,2016-09-13,4,365.0
220170002,2017-10-01,2018-10-01,2,365.0
220160013,2016-09-16,2017-09-16,3,365.0
220160015,2016-09-16,2017-09-16,2,365.0
220160016,2016-09-16,2017-09-16,3,365.0
220160017,2016-09-16,2017-09-16,3,365.0
220160018,2016-09-16,2017-09-16,2,365.0
220160019,2016-09-16,2017-09-16,3,365.0
220160020,2016-09-16,2017-09-16,3,365.0
220160021,2016-09-16,2017-09-16,3,365.0
220160022,2016-09-16,2017-09-16,2,365.0
220160023,2016-09-16,2017-09-16,2,365.0
220160024,2016-09-16,2017-09-16,3,365.0
220160025,2016-09-16,2017-09-16,2,365.0
220160026,2016-09-16,2017-09-16,2,365.0
220160027,2016-09-16,2017-09-16,2,365.0
220160028,2016-09-16,2017-09-16,3,365.0
220170001,2017-10-01,2018-10-01,2,365.0
220160014,2016-09-30,2017-09-30,2,365.0
220160012,2016-09-16,2017-09-16,3,365.0
220150039,2015-09-14,2016-09-13,2,365.0
220160011,2016-09-16,2017-09-16,3,365.0
220150040,2015-09-14,2016-09-13,2,365.0
220150076,2016-02-15,2017-02-14,2,365.0
220150077,2016-02-15,2017-02-14,2,365.0
220150078,2016-02-15,2017-02-14,2,365.0
220150079,2016-02-15,2017-02-14,2,365.0
220150080,2016-02-15,2017-02-14,3,365.0
220150081,2016-02-15,2017-02-14,3,365.0
220150082,2016-02-15,2017-02-14,3,365.0
220150083,2016-02-15,2017-02-14,3,365.0
220160005,2016-09-16,2017-09-16,2,365.0
220160006,2016-09-16,2017-09-16,2,365.0
220160007,2016-09-16,2017-09-16,3,365.0
220160008,2016-09-16,2017-09-16,3,365.0
220160009,2016-09-16,2017-09-16,3,365.0
220160010,2016-09-16,2017-09-16,3,365.0
2020160033,2016-09-22,2017-09-22,3,365.0
2020160031,2016-10-01,2017-10-01,3,365.0
1720180001,2018-05-07,2019-05-07,5,365.0
1820170002,2017-08-15,2018-08-15,2,365.0
1820160017,2016-09-19,2017-09-19,2,365.0
1820160018,2016-09-19,2017-09-19,2,365.0
1820160019,2016-09-19,2017-09-19,3,365.0
1820160020,2016-09-26,2017-09-26,4,365.0
1820160021,2016-09-26,2017-09-26,3,365.0
1820160022,2016-09-26,2017-09-26,3,365.0
1820170001,2017-08-15,2018-08-15,3,365.0
1820170003,2017-08-15,2018-08-15,3,365.0
2020160030,2016-10-01,2017-10-01,3,365.0
1820170004,2017-08-15,2018-08-15,2,365.0
1820170005,2017-08-15,2018-08-15,4,365.0
1820170006,2017-08-15,2018-08-15,5,365.0
1820170007,2017-08-15,2018-08-15,4,365.0
1820170008,2017-08-15,2018-08-15,4,365.0
1820180004,2018-10-01,2019-10-01,5,365.0
1820180005,2018-10-01,2019-10-01,5,365.0
1820160016,2016-09-19,2017-09-19,3,365.0
1820150035,2015-12-02,2016-12-01,4,365.0
1820150034,2015-12-02,2016-12-01,5,365.0
1820150033,2015-12-02,2016-12-01,3,365.0
1820140006,2014-08-01,2015-08-01,3,365.0
1820140007,2014-08-01,2015-08-01,2,365.0
1820140008,2014-08-01,2015-08-01,2,365.0
1820140009,2014-08-01,2015-08-01,3,365.0
1820140010,2014-08-01,2015-08-01,3,365.0
1820140011,2014-08-01,2015-08-01,5,365.0
1820150001,2015-09-16,2016-09-15,4,365.0
1820150002,2015-09-16,2016-09-15,5,365.0
1820150003,2015-09-16,2016-09-15,5,365.0
1820150004,2015-09-16,2016-09-15,4,365.0
1820150020,2015-09-16,2016-09-15,5,365.0
1820150021,2015-09-16,2016-09-15,3,365.0
1820150022,2015-09-16,2016-09-15,3,365.0
1820150023,2015-09-16,2016-09-15,4,365.0
1820150032,2015-12-02,2016-12-01,4,365.0
1820180006,2018-10-01,2019-10-01,5,365.0
1820180007,2018-10-01,2019-10-01,3,365.0
1820190005,2019-08-01,2020-07-31,4,365.0
1920130008,2013-09-16,2014-09-16,3,365.0
1920130010,2013-09-16,2014-09-16,2,365.0
1920130011,2013-09-16,2014-09-16,4,365.0
1920130012,2013-09-16,2014-09-16,5,365.0
1920130013,2013-09-16,2014-09-16,2,365.0
1920130014,2013-09-16,2014-09-16,4,365.0
1920140001,2014-11-01,2015-11-01,5,365.0
1920140002,2014-11-01,2015-11-01,4,365.0
1920140003,2014-11-01,2015-11-01,4,365.0
1920140004,2014-11-01,2015-11-01,3,365.0
1920140005,2014-11-01,2015-11-01,4,365.0
1920140006,2014-11-01,2015-11-01,3,365.0
1920140007,2014-11-01,2015-11-01,3,365.0
1920140008,2014-11-01,2015-11-01,2,365.0
1920140009,2014-11-01,2015-11-01,3,365.0
1920140010,2014-11-01,2015-11-01,3,365.0
1920130009,2013-09-16,2014-09-16,3,365.0
1920130007,2013-09-16,2014-09-16,3,365.0
1820190006,2019-08-01,2020-07-31,6,365.0
1920130006,2013-09-16,2014-09-16,4,365.0
1820190007,2019-08-01,2020-07-31,3,365.0
1820190008,2019-08-01,2020-07-31,6,365.0
1820200001,2020-11-10,2021-11-10,8,365.0
1820200002,2020-11-10,2021-11-10,7,365.0
1820210001,2021-07-01,2022-07-01,4,365.0
1820210002,2021-07-01,2022-07-01,3,365.0
1820210003,2021-07-03,2022-07-03,3,365.0
1820210004,2021-07-03,2022-07-03,6,365.0
1820220003,2022-08-01,2023-08-01,5,365.0
1820220004,2022-08-01,2023-08-01,6,365.0
1920130001,2013-09-16,2014-09-16,4,365.0
1920130002,2013-09-16,2014-09-16,5,365.0
1920130003,2013-09-16,2014-09-16,4,365.0
1920130004,2013-09-16,2014-09-16,5,365.0
1920130005,2013-09-16,2014-09-16,5,365.0
1820140005,2014-08-01,2015-08-01,2,365.0
1820140004,2014-08-01,2015-08-01,2,365.0
1820140003,2014-08-01,2015-08-01,4,365.0
1720190016,2019-11-01,2020-10-31,3,365.0
1720190022,2019-12-01,2020-11-30,4,365.0
1720190023,2019-12-01,2020-11-30,3,365.0
1720190024,2019-12-01,2020-11-30,5,365.0
1720190025,2019-12-01,2020-11-30,4,365.0
1720200001,2020-12-01,2021-12-01,3,365.0
1720200002,2020-12-01,2021-12-01,5,365.0
1720200003,2020-12-01,2021-12-01,4,365.0
1720200004,2020-12-01,2021-12-01,5,365.0
1720200005,2020-11-16,2021-11-16,5,365.0
1720200006,2020-11-16,2021-11-16,5,365.0
1720200007,2020-12-01,2021-12-01,4,365.0
1720200008,2020-12-01,2021-12-01,5,365.0
1720200009,2020-11-12,2021-11-12,4,365.0
1720200010,2020-11-12,2021-11-12,4,365.0
1720200011,2020-11-17,2021-11-17,4,365.0
1720190017,2019-11-01,2020-10-31,3,365.0
1720190015,2019-11-01,2020-10-31,3,365.0
1720200013,2020-11-19,2021-11-19,5,365.0
1720190014,2019-11-01,2020-10-31,5,365.0
1720180002,2018-05-07,2019-05-07,3,365.0
1720180003,2018-06-01,2019-06-01,4,365.0
1720180004,2018-06-01,2019-06-01,4,365.0
1720180005,2018-06-01,2019-06-01,5,365.0
1720180006,2018-06-01,2019-06-01,5,365.0
1720180007,2018-06-01,2019-06-01,5,365.0
1720180008,2018-06-01,2019-06-01,4,365.0
1720180009,2018-06-01,2019-06-01,3,365.0
1720180010,2018-06-01,2019-06-01,5,365.0
1720190001,2019-06-02,2020-06-01,4,365.0
1720190002,2019-06-02,2020-06-01,5,365.0
1720190003,2019-06-01,2020-05-31,5,365.0
1720190004,2019-06-01,2020-05-31,4,365.0
1720190005,2019-06-13,2020-06-12,6,365.0
1720190006,2019-06-13,2020-06-12,6,365.0
1720200012,2020-11-17,2021-11-17,4,365.0
1720200014,2020-11-19,2021-11-19,4,365.0
1820140002,2014-08-01,2015-08-01,5,365.0
1720210015,2021-07-01,2022-07-01,3,365.0
1720210017,2021-07-01,2022-07-01,5,365.0
1720210018,2021-07-01,2022-07-01,3,365.0
1720210019,2021-07-01,2022-07-01,5,365.0
1720210020,2021-07-01,2022-07-01,5,365.0
1720220001,2022-07-08,2023-07-08,4,365.0
1720220002,2022-07-08,2023-07-08,5,365.0
1720220003,2022-08-01,2023-08-01,4,365.0
1720220004,2022-08-01,2023-08-01,4,365.0
1720220005,2022-07-01,2023-07-01,4,365.0
1720220006,2022-07-01,2023-07-01,5,365.0
1720220007,2022-07-07,2023-07-07,3,365.0
1720220008,2022-07-07,2023-07-07,3,365.0
1720220009,2022-07-08,2023-07-08,4,365.0
1720220010,2022-07-08,2023-07-08,3,365.0
1820140001,2014-08-01,2015-08-01,3,365.0
1720210016,2021-07-01,2022-07-01,3,365.0
1720210014,2021-07-01,2022-07-01,4,365.0
1720200015,2020-12-01,2021-12-01,3,365.0
1720210013,2021-07-01,2022-07-01,4,365.0
1720200016,2020-12-01,2021-12-01,5,365.0
1720200017,2021-01-13,2022-01-13,5,365.0
1720200018,2021-01-13,2022-01-13,3,365.0
1720210001,2021-07-01,2022-07-01,3,365.0
1720210002,2021-07-01,2022-07-01,3,365.0
1720210003,2021-07-01,2022-07-01,5,365.0
1720210004,2021-07-01,2022-07-01,5,365.0
1720210005,2021-07-01,2022-07-01,3,365.0
1720210006,2021-07-01,2022-07-01,3,365.0
1720210007,2021-06-01,2022-06-01,5,365.0
1720210008,2021-06-01,2022-06-01,3,365.0
1720210009,2021-07-01,2022-07-01,4,365.0
1720210010,2021-07-01,2022-07-01,5,365.0
1720210011,2021-07-12,2022-07-12,3,365.0
1720210012,2021-07-12,2022-07-12,3,365.0
1920140011,2014-11-01,2015-11-01,3,365.0
1920140012,2014-11-01,2015-11-01,2,365.0
1920140013,2014-11-01,2015-11-01,3,365.0
1920200013,2020-12-11,2021-12-11,5,365.0
1920200015,2020-12-14,2021-12-14,4,365.0
1920210001,2021-07-12,2022-07-12,6,365.0
1920210002,2021-07-12,2022-07-12,3,365.0
1920210003,2021-07-16,2022-07-16,5,365.0
1920210004,2021-07-16,2022-07-16,6,365.0
1920210005,2021-07-19,2022-07-19,4,365.0
1920210006,2021-07-19,2022-07-19,5,365.0
1920210007,2021-07-26,2022-07-26,4,365.0
1920210008,2021-07-26,2022-07-26,6,365.0
1920210009,2021-07-26,2022-07-26,5,365.0
1920210010,2021-07-26,2022-07-26,6,365.0
1920220003,2022-08-01,2023-08-01,4,365.0
1920220004,2022-08-01,2023-08-01,4,365.0
1920220005,2022-08-01,2023-08-01,4,365.0
1920220006,2022-08-01,2023-08-01,5,365.0
1920200014,2020-12-14,2021-12-14,5,365.0
1920200012,2020-12-11,2021-12-11,5,365.0
1920220008,2022-08-01,2023-08-01,4,365.0
1920200011,2020-12-10,2021-12-10,4,365.0
1920190016,2019-08-16,2020-08-15,4,365.0
1920190017,2019-09-01,2020-08-31,4,365.0
1920190018,2019-09-01,2020-08-31,4,365.0
1920190019,2019-09-01,2020-08-31,6,365.0
1920190020,2019-09-01,2020-08-31,5,365.0
1920200001,2020-11-16,2021-11-16,7,365.0
1920200002,2020-11-16,2021-11-16,7,365.0
1920200003,2020-11-16,2021-11-16,6,365.0
1920200004,2020-11-23,2021-11-23,7,365.0
1920200005,2020-12-01,2021-12-01,8,365.0
1920200006,2020-12-07,2021-12-07,5,365.0
1920200007,2020-12-07,2021-12-07,4,365.0
1920200008,2020-12-15,2021-12-15,3,365.0
1920200009,2020-12-15,2021-12-15,4,365.0
1920200010,2020-12-10,2021-12-10,3,365.0
1920220007,2022-08-01,2023-08-01,5,365.0
2020120041,2013-01-21,2014-01-21,4,365.0
1920190004,2019-06-01,2020-05-31,6,365.0
2020150001,2015-10-01,2016-09-30,3,365.0
2020150003,2015-10-01,2016-09-30,2,365.0
2020150004,2015-10-01,2016-09-30,3,365.0
2020150005,2015-09-15,2016-09-14,4,365.0
2020150006,2015-09-15,2016-09-14,5,365.0
2020150007,2015-09-15,2016-09-14,3,365.0
2020150008,2015-10-01,2016-09-30,3,365.0
2020150009,2015-10-01,2016-09-30,3,365.0
2020150010,2015-10-01,2016-09-30,3,365.0
2020150011,2015-10-01,2016-09-30,3,365.0
2020160024,2016-10-01,2017-10-01,2,365.0
2020160025,2016-10-01,2017-10-01,3,365.0
2020160026,2016-10-01,2017-10-01,5,365.0
2020160027,2016-10-01,2017-10-01,3,365.0
2020160028,2016-10-01,2017-10-01,2,365.0
2020160029,2016-10-01,2017-10-01,2,365.0
2020150002,2015-10-01,2016-09-30,2,365.0
2020130012,2014-07-01,2015-07-01,3,365.0
2020120042,2013-01-21,2014-01-21,4,365.0
2020130011,2014-07-01,2015-07-01,3,365.0
2020120043,2013-01-16,2014-01-16,3,365.0
2020120044,2013-01-16,2014-01-16,2,365.0
2020120045,2013-01-16,2014-01-16,2,365.0
2020120046,2013-01-16,2014-01-16,3,365.0
2020120047,2013-01-16,2014-01-16,3,365.0
2020130001,2013-11-01,2014-11-01,3,365.0
2020130002,2013-11-01,2014-11-01,3,365.0
2020130003,2013-11-04,2014-11-04,3,365.0
2020130004,2013-11-04,2014-11-04,3,365.0
2020130005,2014-05-01,2015-05-01,3,365.0
2020130006,2014-05-01,2015-05-01,3,365.0
2020130007,2014-05-01,2015-05-01,4,365.0
2020130008,2014-04-03,2015-04-03,3,365.0
2020130009,2014-04-03,2015-04-03,2,365.0
2020130010,2014-07-01,2015-07-01,3,365.0
1920190015,2019-08-16,2020-08-15,4,365.0
1920190003,2019-06-01,2020-05-31,6,365.0
1920140014,2014-11-01,2015-11-01,5,365.0
1920150065,2016-01-08,2017-01-07,3,365.0
1920150067,2016-01-08,2017-01-07,3,365.0
1920150071,2016-01-04,2017-01-03,4,365.0
1920150072,2016-01-04,2017-01-03,5,365.0
1920150073,2016-01-04,2017-01-03,2,365.0
1920150074,2016-01-04,2017-01-03,4,365.0
1920150075,2016-01-25,2017-01-24,2,365.0
1920150076,2016-01-25,2017-01-24,2,365.0
1920150077,2016-01-25,2017-01-24,3,365.0
1920150078,2016-01-25,2017-01-24,2,365.0
1920150079,2016-01-15,2017-01-14,2,365.0
1920150080,2016-01-15,2017-01-14,2,365.0
1920150081,2016-01-15,2017-01-14,3,365.0
1920150082,2016-01-15,2017-01-14,3,365.0
1920150083,2016-01-15,2017-01-14,3,365.0
1920150084,2016-01-15,2017-01-14,4,365.0
1920150066,2016-01-08,2017-01-07,3,365.0
1920150064,2016-01-08,2017-01-07,2,365.0
1920150086,2016-01-15,2017-01-14,3,365.0
1920150047,2016-01-02,2017-01-01,3,365.0
1920140015,2014-11-01,2015-11-01,2,365.0
1920140016,2014-11-01,2015-11-01,2,365.0
1920140017,2014-11-01,2015-11-01,3,365.0
1920140018,2014-11-01,2015-11-01,3,365.0
1920140019,2014-11-01,2015-11-01,5,365.0
1920140020,2014-11-01,2015-11-01,5,365.0
1920150038,2015-10-19,2016-10-18,5,365.0
1920150039,2015-10-19,2016-10-18,5,365.0
1920150040,2015-12-11,2016-12-10,3,365.0
1920150041,2015-12-01,2016-11-30,4,365.0
1920150042,2015-12-01,2016-11-30,3,365.0
1920150043,2015-12-01,2016-11-30,3,365.0
1920150044,2016-01-09,2017-01-08,2,365.0
1920150045,2016-01-02,2017-01-01,3,365.0
1920150046,2016-01-02,2017-01-01,2,365.0
1920150085,2016-01-15,2017-01-14,4,365.0
1920150087,2016-01-15,2017-01-14,2,365.0
1920190002,2019-06-01,2020-05-31,5,365.0
1920170017,2017-06-01,2018-06-01,3,365.0
1920170019,2017-06-01,2018-06-01,2,365.0
1920170020,2017-08-01,2018-08-01,3,365.0
1920170021,2017-08-01,2018-08-01,2,365.0
1920170022,2017-08-01,2018-08-01,2,365.0
1920170023,2017-08-01,2018-08-01,3,365.0
1920170024,2017-08-01,2018-08-01,3,365.0
1920170025,2017-08-01,2018-08-01,2,365.0
1920170026,2017-08-01,2018-08-01,5,365.0
1920180001,2018-05-01,2019-05-01,5,365.0
1920180002,2018-05-01,2019-05-01,5,365.0
1920180003,2018-09-01,2019-09-01,5,365.0
1920180004,2018-09-01,2019-09-01,4,365.0
1920180005,2018-09-15,2019-09-15,4,365.0
1920180006,2018-09-15,2019-09-15,3,365.0
1920190001,2019-06-01,2020-05-31,6,365.0
1920170018,2017-06-01,2018-06-01,3,365.0
1920170016,2017-06-01,2018-06-01,3,365.0
1920150088,2016-01-15,2017-01-14,3,365.0
1920170015,2017-06-01,2018-06-01,3,365.0
1920150089,2016-01-15,2017-01-14,2,365.0
1920150090,2016-01-15,2017-01-14,3,365.0
1920160060,2016-10-01,2017-10-01,2,365.0
1920160061,2016-10-01,2017-10-01,3,365.0
1920160062,2016-10-01,2017-10-01,3,365.0
1920160063,2016-10-01,2017-10-01,3,365.0
1920160064,2016-10-01,2017-10-01,3,365.0
1920160065,2016-12-01,2017-12-01,5,365.0
1920160066,2016-12-01,2017-12-01,2,365.0
1920160067,2016-12-01,2017-12-01,5,365.0
1920170010,2017-06-01,2018-06-01,2,365.0
1920170011,2017-06-01,2018-06-01,2,365.0
1920170012,2017-06-01,2018-06-01,3,365.0
1920170013,2017-06-01,2018-06-01,2,365.0
1920170014,2017-06-01,2018-06-01,5,365.0
920220002,2022-08-01,2023-08-01,4,365.0
